SL,Company,Job Title,Channel / Portal,Target / URL,Status,Date,Proof,CV Attached,Notes
1,"Apptriangle Limited","","Online Portal (Web Form)","https://www.apptriangle.com/career/ui-ux-developer","APPLIED","2026-09-21","Submitted via Apptriangle Portal Form","Yes (Turash Ahsan Portfolio.pdf)","Applied for UI/UX Developer role with CV upload and portfolio message"
2,"BiTechX LLC","","Online Portal (Google Form)","https://forms.gle/JJc7i9ecjoxCiznn7","APPLIED","2026-09-21","Your response has been recorded (Google Form Confirmation)","Yes (Turash Ahsan Portfolio.pdf uploaded to Drive)","Applied for UX/UI Designer role with complete questionnaire answers & resume attachment"
3,"Fonix-IT","","Online Portal (Web Form)","https://fonixit.com/careers/apply/ui-ux-designer","APPLIED","2026-09-21","Submitted via Fonix-IT Portal Form","Yes (Turash Ahsan Portfolio.pdf)","Applied for UI/UX Designer role with CV and portfolio"
4,"Musemind Agency","","Google Form","https://docs.google.com/forms/d/1NmozoWBnGAjtAhfGbzH03emXpw8z79bCtXb5qPHuwok/viewform","SUBMITTED","2026-09-19","Google Form Confirmed (""You have already responded"")","Yes (Turash_Ahsan_resume.pdf)","Applied via official Musemind Google Form for Mid-Level UI/UX Designer with resume and portfolio"
5,"Shikho","","Online Portal (Freshteam ATS)","https://shikho.freshteam.com/jobs/WfqEGsHMYiPP/executive-sr-executive-visual-design","APPLIED","2026-09-21","You have successfully applied (Freshteam ATS Confirmation)","Yes (Turash Ahsan Portfolio.pdf - 737KB)","Applied for Executive / Sr. Executive - Visual Design with resume & portfolio. Confirmed with green success banner."
6,"Trao AI","","Web Portal","https://trao.ai/careers/ui-ux-designer/apply","SUBMITTED","2026-09-19","Screenshot: trao_submitted.png (Trao Portal)","Yes (Turash_Ahsan_resume.pdf)","Applied via official Trao Careers Portal with resume attached"
7,"WPP Production","","Online Portal (Greenhouse ATS)","https://boards.greenhouse.io/embed/job_app?for=wppproduction&token=5797532004","APPLIED","2026-09-21","Greenhouse ATS Confirmation: Thank you for applying","Yes (Turash Ahsan Portfolio.pdf)","Applied for UI/UX Designer at WPP Production via Greenhouse ATS. Confirmed."
8,"YO AI Labs","","Web Portal (Manatal ATS)","https://yoailabs.careers-page.com/jobs/10847c45-7f0d-48cd-b99c-8fdd9e02dcc8","SUBMITTED","2026-09-16","Screenshot: yoai_job1_submitted.png (Manatal ATS)","Yes (Turash_Ahsan_resume.pdf)","Official confirmation received & screenshot saved"
9,"YO AI Labs","","Web Portal (Manatal ATS)","https://yoailabs.careers-page.com/jobs/e61ae427-57d2-42a8-9d5f-23ffddf25c22","SUBMITTED","2026-09-16","Screenshot: yoai_job2_submitted.png (Manatal ATS)","Yes (Turash_Ahsan_resume.pdf)","Official confirmation received & screenshot saved"
10,"AgamiSoft Ltd","","Direct Email (Verified MX)","career@agamisoft.com","DELIVERED","2026-09-19","Delivered via Gmail (Sent Confirmed)","Yes (Turash_Ahsan_resume.pdf)","Verified circular. Applied with resume and portfolio link."
11,"Asiatic MCL","","Email","career@asiaticmcl.com","DELIVERED","2026-09-19","Gmail Sent Box (Verified Receipt)","Yes (Turash_Ahsan_resume.pdf)","Application sent via Gmail with CV attached (revised format)"
12,"Astha IT","","Direct Email (Verified MX)","jobs@asthait.com","DELIVERED","2026-09-19","Delivered via Gmail (Sent Confirmed)","Yes (Turash_Ahsan_resume.pdf)","Top tier Dhaka tech firm. Applied with resume and portfolio link."
13,"BJIT Group","","Email","career@bjitgroup.com","DELIVERED","2026-09-19","Gmail Sent Box (Verified Receipt)","Yes (Turash_Ahsan_resume.pdf)","Application sent via Gmail with CV attached"
14,"bKash","","Email","career@bkash.com","DELIVERED","2026-09-19","Gmail Sent Box (Verified Receipt)","Yes (Turash_Ahsan_resume.pdf)","Application sent via Gmail with CV attached (revised format)"
15,"Brain Craft Ltd","","Email","career@braincraftapps.com","DELIVERED","2026-09-19","Gmail Sent Box (Verified Receipt)","Yes (Turash_Ahsan_resume.pdf)","Application sent via Gmail with CV attached"
16,"Candyspace","","Direct Email (Gmail)","careers@candyspace.com","DELIVERED","2026-09-21","Delivered via Gmail (Sent Confirmed)","Yes (Turash Ahsan Portfolio.pdf)","Applied for Product Designer with resume from E:\2x ✦ Portfolio\Turash Ahsan Portfolio.pdf"
17,"Care Business","","Email (Gmail)","carebusiness.bd@gmail.com","DELIVERED","2026-09-19","Gmail Sent Box (Verified Receipt)","Yes (Turash_Ahsan_resume.pdf)","Application sent via Gmail with CV attached"
18,"Cefalo Bangladesh","","Email","jobs@cefalo.com","DELIVERED","2026-09-19","Gmail Sent Box (Verified Receipt)","Yes (Turash_Ahsan_resume.pdf)","Application sent via Gmail with CV attached (revised format)"
19,"Chaldal","","Email","careers@chaldal.net","DELIVERED","2026-09-19","Gmail Sent Box (Verified Receipt)","Yes (Turash_Ahsan_resume.pdf)","Application sent via Gmail with CV attached (revised format)"
20,"Craftsmen","","Email","career@craftsmenltd.com","DELIVERED","2026-09-19","Gmail Sent Box (Verified Receipt)","Yes (Turash_Ahsan_resume.pdf)","Application sent via Gmail with CV attached"
21,"Curtex IT","","Direct Email (Gmail)","tusharahsan5@gmail.com","DELIVERED","2026-09-20","Delivered via Gmail (Sent Confirmed)","Yes (Turash Ahsan Portfolio.pdf)","Applied for UI/UX Designer role with updated resume from E:\2x ✦ Portfolio\"
22,"Dcastalia","","Email","career@dcastalia.com","DELIVERED","2026-09-19","Gmail Sent Box (Verified Receipt)","Yes (Turash_Ahsan_resume.pdf)","Application sent via Gmail with CV attached (revised format)"
23,"DeshIT-BD","","Direct Email (Verified MX)","info@deshit-bd.com","DELIVERED","2026-09-19","Delivered via Gmail (Sent Confirmed)","Yes (Turash_Ahsan_resume.pdf)","Verified circular. Applied with resume and portfolio link."
24,"DevHush","","Direct Email (Verified MX)","team@devhush.com","DELIVERED","2026-09-19","Delivered via Gmail (Sent Confirmed)","Yes (Turash_Ahsan_resume.pdf)","Remote opening (Salary: 20k-35k BDT). Applied with exact subject format, resume attached, and portfolio."
25,"EchoLogyx","","Email","careers@echologyx.com","DELIVERED","2026-09-19","Gmail Sent Box (Verified Receipt)","Yes (Turash_Ahsan_resume.pdf)","Application sent via Gmail with CV attached (verified circular)"
26,"eManager","","Email","emanagerit@gmail.com","DELIVERED","2026-09-19","Gmail Sent Box (Verified Receipt)","Yes (Turash_Ahsan_resume.pdf)","Application sent via Gmail with CV attached (verified circular)"
27,"Faiza Express / Mas Formation","","Direct Email (Verified MX)","hr.faizaexpress@gmail.com","DELIVERED","2026-09-19","Delivered via Gmail (Sent Confirmed)","Yes (Turash_Ahsan_resume.pdf)","Verified circular. Applied with resume and portfolio link."
28,"FyerX","","Direct Email (Verified MX)","hello@fyerx.com","DELIVERED","2026-09-19","Delivered via Gmail (Sent Confirmed)","Yes (Turash_Ahsan_resume.pdf)","Verified remote agency opening. Applied with resume and portfolio link."
29,"Gmrinfotech","","Direct Email (Verified MX)","hr@gmrinfotech.in","DELIVERED","2026-09-19","Delivered via Gmail (Sent Confirmed)","Yes (Turash_Ahsan_resume.pdf)","Verified design circular. Applied with resume and portfolio link."
30,"GPIT","","Email (Gmail)","jobs@gpit.com.bd","DELIVERED","2026-09-19","Gmail Sent Box (Verified Receipt)","Yes (Turash_Ahsan_resume.pdf)","Application sent via Gmail with CV attached"
31,"Graphic X","","Direct Email (Verified MX)","graphicxbd@gmail.com","DELIVERED","2026-09-19","Delivered via Gmail (Sent Confirmed)","Yes (Turash_Ahsan_resume.pdf)","Verified circular. Applied with resume and portfolio link."
32,"House of Edtech","","Direct Email (Verified MX)","shilpi.bhattacharjee@houseofedtech.in","DELIVERED","2026-09-19","Delivered via Gmail (Sent Confirmed)","Yes (Turash_Ahsan_resume.pdf)","Verified remote opening (0-2 years exp). Applied with resume and portfolio link."
33,"Impala Intech","","Email","career@impalaintech.com","DELIVERED","2026-09-19","Gmail Sent Box (Verified Receipt)","Yes (Turash_Ahsan_resume.pdf)","Application sent via Gmail with CV attached (revised format)"
34,"Infomatix Web Technologies","","Direct Email (Verified MX)","shristichhetri@infomatixweb.com","DELIVERED","2026-09-19","Delivered via Gmail (Sent Confirmed)","Yes (Turash_Ahsan_resume.pdf)","Verified remote circular. Applied with resume and portfolio link."
35,"Interior Squad Bd","","Email","hr.interiorsquad@gmail.com","DELIVERED","2026-09-19","Gmail Sent Box (Verified Receipt)","Yes (Turash_Ahsan_resume.pdf)","Application sent via Gmail with CV attached (verified circular)"
36,"ITQanex","","Email","itqanex@gmail.com","DELIVERED","2026-09-19","Gmail Sent Box (Verified Receipt)","Yes (Turash_Ahsan_resume.pdf)","Application sent via Gmail with CV attached (verified circular)"
37,"Kaz Software","","Email","jobs@kaz.com.bd","DELIVERED","2026-09-19","Gmail Sent Box (Verified Receipt)","Yes (Turash_Ahsan_resume.pdf)","Application sent via Gmail with CV attached"
38,"Khatiana (খাঁটিয়ানা)","","Direct Email (Gmail)","khatianahr@gmail.com","DELIVERED","2026-09-21","Delivered via Gmail (Sent Confirmed)","Yes (Turash Ahsan Portfolio.pdf)","Applied for Graphic Designer with resume from E:\2x ✦ Portfolio\Turash Ahsan Portfolio.pdf"
39,"Kona Software Lab","","Email","career@konasl.com","DELIVERED","2026-09-19","Gmail Sent Box (Verified Receipt)","Yes (Turash_Ahsan_resume.pdf)","Application sent via Gmail with CV attached"
40,"KonaKorp","","Direct Email (Verified MX)","hiring@konakorp.co","DELIVERED","2026-09-19","Delivered via Gmail (Sent Confirmed)","Yes (Turash_Ahsan_resume.pdf)","Verified remote opening. Applied with resume and portfolio link."
41,"LeadSoft Bangladesh","","Email","career@leads.com.bd","DELIVERED","2026-09-19","Gmail Sent Box (Verified Receipt)","Yes (Turash_Ahsan_resume.pdf)","Application sent via Gmail with CV attached"
42,"MagnusMinds IT Solution","","Direct Email (Verified MX)","hello@magnusminds.net","DELIVERED","2026-09-19","Delivered via Gmail (Sent Confirmed)","Yes (Turash_Ahsan_resume.pdf)","Verified design opening. Applied with resume and portfolio link."
43,"Mediusware","","Email","career@mediusware.com","DELIVERED","2026-09-19","Gmail Sent Box (Verified Receipt)","Yes (Turash_Ahsan_resume.pdf)","Application sent via Gmail with CV attached"
44,"MindSheba","","Direct Email (Gmail)","hr.mindsheba@gmail.com","DELIVERED","2026-09-19","Delivered via Gmail (Sent Confirmed)","Yes (Turash_Ahsan_resume.pdf)","Applied with resume and portfolio link for Graphic Designer & Social Media Executive"
45,"MN International","","Direct Email (Gmail)","mninternationalad@gmail.com","DELIVERED","2026-09-19","Delivered via Gmail (Sent Confirmed)","Yes (Turash_Ahsan_resume.pdf)","Applied for Graphic Designer role with resume and portfolio"
46,"Monir Group","","Direct Email (Verified MX)","mg.monirgroup@gmail.com","DELIVERED","2026-09-19","Delivered via Gmail (Sent Confirmed)","Yes (Turash_Ahsan_resume.pdf)","Verified circular. Applied with resume and portfolio link."
47,"My Softake","","Email","careers@mysoftake.com.bd","DELIVERED","2026-09-19","Gmail Sent Box (Verified Receipt)","Yes (Turash_Ahsan_resume.pdf)","Application sent via Gmail with CV attached (verified circular)"
48,"Narratives Media","","Direct Email (Gmail)","shah@narrativesmedia.com (cc: arafat@narrativesmedia.com)","DELIVERED","2026-09-21","Delivered via Gmail (Sent Confirmed)","Yes (Turash Ahsan Portfolio.pdf)","Applied for Graphic Designer with resume from E:\2x ✦ Portfolio\Turash Ahsan Portfolio.pdf"
49,"Nebs-IT","","Direct Email (Verified MX)","contact@nebs-it.com","DELIVERED","2026-09-19","Delivered via Gmail (Sent Confirmed)","Yes (Turash_Ahsan_resume.pdf)","Dhaka tech agency. Applied for Brand Designer role with resume and portfolio link."
50,"NexaCore","","Direct Email (Verified MX)","samuelnexacore@gmail.com","DELIVERED","2026-09-19","Delivered via Gmail (Sent Confirmed)","Yes (Turash_Ahsan_resume.pdf)","Verified remote opening. Applied with resume and portfolio link."
51,"Nvision","","Direct Email (Verified MX)","Diana@nvisionbelize.com","DELIVERED","2026-09-19","Delivered via Gmail (Sent Confirmed)","Yes (Turash_Ahsan_resume.pdf)","Applied to Diana@nvisionbelize.com with resume and portfolio for Junior Graphic Designer."
52,"Ontik Creative","","Email (Gmail)","hr@ontikcreative.com","DELIVERED","2026-09-19","Gmail Sent Box (Verified Receipt)","Yes (Turash_Ahsan_resume.pdf)","Application sent via Gmail with CV attached"
53,"Pathao","","Email","careers@pathao.com","DELIVERED","2026-09-19","Gmail Sent Box (Verified Receipt)","Yes (Turash_Ahsan_resume.pdf)","Application sent via Gmail with CV attached (revised format)"
54,"Phase 3 Solution","","Email","job.phase3@gmail.com","DELIVERED","2026-09-19","Gmail Sent Box (Verified Receipt)","Yes (Turash_Ahsan_resume.pdf)","Application sent via Gmail with CV attached (verified circular)"
55,"Redesigned Agency","","Direct Email (Gmail)","business@redesigned.agency","DELIVERED","2026-09-21","Delivered via Gmail (Sent Confirmed)","Yes (Turash Ahsan Portfolio.pdf)","Applied for UI/UX Designer with resume from E:\2x ✦ Portfolio\Turash Ahsan Portfolio.pdf"
56,"REVE Systems","","Email","career@revesoft.com","DELIVERED","2026-09-19","Gmail Sent Box (Verified Receipt)","Yes (Turash_Ahsan_resume.pdf)","Application sent via Gmail with CV attached"
57,"Riseup Labs","","Email","career@riseuplabs.com","DELIVERED","2026-09-19","Gmail Sent Box (Verified Receipt)","Yes (Turash_Ahsan_resume.pdf)","Application sent via Gmail with CV attached"
58,"Selise Digital Platforms","","Web Portal","career@selisegroup.com","DELIVERED","2026-09-19","Gmail Sent Box (Verified Receipt)","Yes (Turash_Ahsan_resume.pdf)","Application sent via Gmail with CV attached (revised format)"
59,"Shohoz","","Email","jobs@shohoz.com","DELIVERED","2026-09-19","Gmail Sent Box (Verified Receipt)","Yes (Turash_Ahsan_resume.pdf)","Application sent via Gmail with CV attached (revised format)"
60,"Silicon Orchard Ltd","","Email","careers@siliconorchard.com","DELIVERED","2026-09-19","Gmail Sent Box (Verified Receipt)","Yes (Turash_Ahsan_resume.pdf)","Application sent via Gmail with CV attached (verified circular)"
61,"SNS Spectrum Solutions","","Direct Email (Verified MX)","vacancy@snsspectrum.com","DELIVERED","2026-09-19","Delivered via Gmail (Sent Confirmed)","Yes (Turash_Ahsan_resume.pdf)","Verified remote/contract circular. Applied with resume and portfolio link."
62,"Southtech Group","","Email","career@southtechgroup.com","DELIVERED","2026-09-19","Gmail Sent Box (Verified Receipt)","Yes (Turash_Ahsan_resume.pdf)","Application sent via Gmail with CV attached"
63,"Spire Soft LLC","","Email (Gmail)","info@spiresoft.co","DELIVERED","2026-09-19","Gmail Sent Box (Verified Receipt)","Yes (Turash_Ahsan_resume.pdf)","Application sent via Gmail with CV attached"
64,"Studio Evolve","","Direct Email (Verified MX)","studioevolve.agency@gmail.com","DELIVERED","2026-09-19","Delivered via Gmail (Sent Confirmed)","Yes (Turash_Ahsan_resume.pdf)","Remote opening (Salary: 45k-60k). Applied for AI-Augmented Brand Designer with resume and portfolio."
65,"Tappware Solutions","","Email","career@tappware.com","DELIVERED","2026-09-19","Gmail Sent Box (Verified Receipt)","Yes (Turash_Ahsan_resume.pdf)","Application sent via Gmail with CV attached (revised format)"
66,"Technext Limited","","Direct Email (Verified MX)","team@technext.it","DELIVERED","2026-09-19","Delivered via Gmail (Sent Confirmed)","Yes (Turash_Ahsan_resume.pdf)","Verified Dhaka/Sylhet tech firm. Applied with resume and portfolio link."
67,"TigerIT Bangladesh","","Email","career@tigerit.com","DELIVERED","2026-09-19","Gmail Sent Box (Verified Receipt)","Yes (Turash_Ahsan_resume.pdf)","Application sent via Gmail with CV attached"
68,"Tripzic","","Email","careers@tripzic.com","DELIVERED","2026-09-19","Gmail Sent Box (Verified Receipt)","Yes (Turash_Ahsan_resume.pdf)","Application sent via Gmail with CV attached (verified circular)"
69,"Ollyo","","Web Form","https://jobs.ollyo.com/opening/19/ui-ux-designer","READY TO APPLY","2026-09-19","Pending","Yes (Turash_Ahsan_resume.pdf)","Dhaka agency"
70,"1Password","","Web Form","https://1password.com/careers","QUEUED","2026-09-19","Pending","Yes (Turash_Ahsan_resume.pdf)","Password manager"
71,"37signals (Basecamp)","","Web Form","https://37signals.com/jobs","QUEUED","2026-09-19","Pending","Yes (Turash_Ahsan_resume.pdf)","Remote work pioneer"
72,"Airtable","","Web Form","https://www.airtable.com/careers","QUEUED","2026-09-19","Pending","Yes (Turash_Ahsan_resume.pdf)","Connected app platform"
73,"albo","","Web Portal","https://remoteOK.com/remote-jobs/remote-marketing-designer-albo-1135376","QUEUED","2026-09-19","Pending","Yes (Turash_Ahsan_resume.pdf)","Matched via RemoteOK"
74,"Ashby","","Web Form / Portal","https://jobicy.com/jobs/150689-senior-product-designer","QUEUED","2026-09-19","Pending","Yes (Turash_Ahsan_resume.pdf)","Global remote vacancy"
75,"Automattic","","Web Form","https://automattic.com/work-with-us/","QUEUED","2026-09-19","Pending","Yes (Turash_Ahsan_resume.pdf)","Fully distributed company"
76,"Bitwarden","","Web Form","https://bitwarden.com/careers/","QUEUED","2026-09-19","Pending","Yes (Turash_Ahsan_resume.pdf)","Open source password manager"
77,"Blackbird Interactive","","Web Portal","https://remoteOK.com/remote-jobs/remote-senior-level-designer-blackbird-interactive-1137156","QUEUED","2026-09-19","Pending","Yes (Turash_Ahsan_resume.pdf)","Matched via RemoteOK"
78,"Blip","","Web Form / Portal","https://himalayas.app/companies/blip-ai/jobs/mid-level-conversational-designer","QUEUED","2026-09-19","Pending","Yes (Turash_Ahsan_resume.pdf)","Remote role matched with candidate profile"
79,"Brave Software","","Web Form","https://brave.com/careers/","QUEUED","2026-09-19","Pending","Yes (Turash_Ahsan_resume.pdf)","Privacy browser"
80,"Buffer","","Web Form","https://buffer.com/journey","QUEUED","2026-09-19","Pending","Yes (Turash_Ahsan_resume.pdf)","Transparent salary remote team"
81,"Cal.com","","Web Form","https://cal.com/careers","QUEUED","2026-09-19","Pending","Yes (Turash_Ahsan_resume.pdf)","Scheduling infrastructure"
82,"Canonical","","Web Form","https://canonical.com/careers","QUEUED","2026-09-19","Pending","Yes (Turash_Ahsan_resume.pdf)","Makers of Ubuntu"
83,"capital.com","","Web Form / Portal","https://jobicy.com/jobs/153043-senior-product-designer-10","QUEUED","2026-09-19","Pending","Yes (Turash_Ahsan_resume.pdf)","Global remote vacancy"
84,"Clerk","","Web Form","https://clerk.com/careers","QUEUED","2026-09-19","Pending","Yes (Turash_Ahsan_resume.pdf)","Authentication platform"
85,"CoâStar","","Web Portal","https://remoteOK.com/remote-jobs/remote-brand-designer-co-star-1135383","QUEUED","2026-09-19","Pending","Yes (Turash_Ahsan_resume.pdf)","Matched via RemoteOK"
86,"Coda","","Web Form","https://coda.io/careers","QUEUED","2026-09-19","Pending","Yes (Turash_Ahsan_resume.pdf)","All-in-one doc platform"
87,"Control Shift Video","","Web Portal","https://remoteOK.com/remote-jobs/remote-freelance-designer-control-shift-video-1136213","QUEUED","2026-09-19","Pending","Yes (Turash_Ahsan_resume.pdf)","Matched via RemoteOK"
88,"Deel","","Web Form","https://www.deel.com/careers","QUEUED","2026-09-19","Pending","Yes (Turash_Ahsan_resume.pdf)","Global payroll and compliance"
89,"Dispatch","","Web Form / Portal","https://jobicy.com/jobs/151797-senior-product-designer-8","QUEUED","2026-09-19","Pending","Yes (Turash_Ahsan_resume.pdf)","Global remote vacancy"
90,"Doist","","Web Form","https://doist.com/careers","QUEUED","2026-09-19","Pending","Yes (Turash_Ahsan_resume.pdf)","Makers of Todoist & Twist"
91,"DomainTools","","Web Portal","https://remoteOK.com/remote-jobs/remote-principal-product-manager-domaintools-1137396","QUEUED","2026-09-19","Pending","Yes (Turash_Ahsan_resume.pdf)","Matched via RemoteOK"
92,"DuckDuckGo","","Web Form","https://duckduckgo.com/hiring","QUEUED","2026-09-19","Pending","Yes (Turash_Ahsan_resume.pdf)","Privacy-focused products"
93,"EverAI","","Web Form / Portal","https://jobicy.com/jobs/153488-senior-product-designer-full-remote-italy","QUEUED","2026-09-19","Pending","Yes (Turash_Ahsan_resume.pdf)","Global remote vacancy"
94,"EverAI","","Web Form / Portal","https://jobicy.com/jobs/153484-senior-product-designer-full-remote-germany","QUEUED","2026-09-19","Pending","Yes (Turash_Ahsan_resume.pdf)","Global remote vacancy"
95,"EverAI","","Web Form / Portal","https://jobicy.com/jobs/153267-senior-product-designer-full-remote-france","QUEUED","2026-09-19","Pending","Yes (Turash_Ahsan_resume.pdf)","Global remote vacancy"
96,"Fieldguide","","Web Form / Portal","https://jobicy.com/jobs/153406-senior-product-designer-12","QUEUED","2026-09-19","Pending","Yes (Turash_Ahsan_resume.pdf)","Global remote vacancy"
97,"Flint","","Web Portal","https://remoteOK.com/remote-jobs/remote-product-designer-flint-1135340","QUEUED","2026-09-19","Pending","Yes (Turash_Ahsan_resume.pdf)","Matched via RemoteOK"
98,"Fly.io","","Web Form","https://fly.io/jobs/","QUEUED","2026-09-19","Pending","Yes (Turash_Ahsan_resume.pdf)","Global application hosting"
99,"Framer","","Web Form","https://www.framer.com/careers/","QUEUED","2026-09-19","Pending","Yes (Turash_Ahsan_resume.pdf)","Interactive design tool"
100,"Fueled","","Web Form / Portal","https://jobicy.com/jobs/150781-product-designer-content-solutions","QUEUED","2026-09-19","Pending","Yes (Turash_Ahsan_resume.pdf)","Global remote vacancy"
101,"Fueled","","Web Form / Portal","https://jobicy.com/jobs/151561-lead-ux-designer-emea-contract","QUEUED","2026-09-19","Pending","Yes (Turash_Ahsan_resume.pdf)","Global remote vacancy"
102,"Future PLC","","Web Form / Portal","https://jobicy.com/jobs/151702-senior-product-designer-2","QUEUED","2026-09-19","Pending","Yes (Turash_Ahsan_resume.pdf)","Global remote vacancy"
103,"Ghost Foundation","","Web Form","https://ghost.org/careers/","QUEUED","2026-09-19","Pending","Yes (Turash_Ahsan_resume.pdf)","Open source publishing platform"
104,"GitLab","","Web Form","https://about.gitlab.com/jobs/careers/","QUEUED","2026-09-19","Pending","Yes (Turash_Ahsan_resume.pdf)","All-remote tech leader"
105,"Homebound","","Web Form / Portal","https://jobicy.com/jobs/151800-senior-product-designer-mobile","QUEUED","2026-09-19","Pending","Yes (Turash_Ahsan_resume.pdf)","Global remote vacancy"
106,"Hotjar","","Web Form","https://careers.hotjar.com/","QUEUED","2026-09-19","Pending","Yes (Turash_Ahsan_resume.pdf)","Product experience analytics"
107,"Interaction Design Foundation","","Web Portal","https://remoteOK.com/remote-jobs/remote-course-director-ux-ui-and-ai-interaction-design-foundation-1137139","QUEUED","2026-09-19","Pending","Yes (Turash_Ahsan_resume.pdf)","Matched via RemoteOK"
108,"Interaction Design Foundation","","Web Portal","https://remoteOK.com/remote-jobs/remote-education-designer-ux-ui-and-ai-interaction-design-foundation-1137138","QUEUED","2026-09-19","Pending","Yes (Turash_Ahsan_resume.pdf)","Matched via RemoteOK"
109,"Interaction Design Foundation","","Web Portal","https://remoteOK.com/remote-jobs/remote-course-writer-and-editor-ux-ui-and-ai-interaction-design-foundation-1137136","QUEUED","2026-09-19","Pending","Yes (Turash_Ahsan_resume.pdf)","Matched via RemoteOK"
110,"Kinsta","","Web Form / Portal","https://jobicy.com/jobs/153063-senior-product-designer-11","QUEUED","2026-09-19","Pending","Yes (Turash_Ahsan_resume.pdf)","Global remote vacancy"
111,"Linear","","Web Form","https://linear.app/careers","QUEUED","2026-09-19","Pending","Yes (Turash_Ahsan_resume.pdf)","Issue tracking system"
112,"Loom","","Web Form","https://www.loom.com/careers","QUEUED","2026-09-19","Pending","Yes (Turash_Ahsan_resume.pdf)","Video messaging platform"
113,"Meta","","Web Form / Portal","https://jobicy.com/jobs/150188-product-designer-shop-everything","QUEUED","2026-09-19","Pending","Yes (Turash_Ahsan_resume.pdf)","Global remote vacancy"
114,"Miranda Creative, Inc.","","Web Portal","https://remoteOK.com/remote-jobs/remote-graphic-designer-miranda-creative-inc-1135610","QUEUED","2026-09-19","Pending","Yes (Turash_Ahsan_resume.pdf)","Matched via RemoteOK"
115,"Miro","","Web Form","https://miro.com/careers/","QUEUED","2026-09-19","Pending","Yes (Turash_Ahsan_resume.pdf)","Visual workspace"
116,"Mozilla","","Web Form","https://www.mozilla.org/careers/","QUEUED","2026-09-19","Pending","Yes (Turash_Ahsan_resume.pdf)","Firefox & open web"
117,"Mural","","Web Form / Portal","https://jobicy.com/jobs/152610-lead-product-designer-growth-upper-funnel","QUEUED","2026-09-19","Pending","Yes (Turash_Ahsan_resume.pdf)","Global remote vacancy"
118,"MyVA Support (MyVAS)","","Web Portal","https://remoteOK.com/remote-jobs/remote-architectural-interior-designer-myva-support-myvas-1135439","QUEUED","2026-09-19","Pending","Yes (Turash_Ahsan_resume.pdf)","Matched via RemoteOK"
119,"Netlify","","Web Form","https://www.netlify.com/careers/","QUEUED","2026-09-19","Pending","Yes (Turash_Ahsan_resume.pdf)","Web development platform"
120,"Nocfinity","","Web Portal","https://nocfinity.com/careers","QUEUED","2026-09-19","Pending","Yes (Turash_Ahsan_resume.pdf)","Dhaka software firm"
121,"Notion","","Web Form","https://www.notion.so/careers","QUEUED","2026-09-19","Pending","Yes (Turash_Ahsan_resume.pdf)","Connected workspace"
122,"Oula","","Web Portal","https://remoteOK.com/remote-jobs/remote-product-manager-new-york-chicago-charlotte-oula-1135672","QUEUED","2026-09-19","Pending","Yes (Turash_Ahsan_resume.pdf)","Matched via RemoteOK"
123,"Pitch","","Web Form","https://pitch.com/about","QUEUED","2026-09-19","Pending","Yes (Turash_Ahsan_resume.pdf)","Presentation software"
124,"PostHog","","Web Form","https://posthog.com/careers","QUEUED","2026-09-19","Pending","Yes (Turash_Ahsan_resume.pdf)","All-in-one product analytics"
125,"Prisma","","Web Form","https://www.prisma.io/careers","QUEUED","2026-09-19","Pending","Yes (Turash_Ahsan_resume.pdf)","Next-gen ORM"
126,"Railway","","Web Form","https://railway.app/careers","QUEUED","2026-09-19","Pending","Yes (Turash_Ahsan_resume.pdf)","Infrastructure platform"
127,"Raycast","","Web Form","https://www.raycast.com/careers","QUEUED","2026-09-19","Pending","Yes (Turash_Ahsan_resume.pdf)","Mac productivity tool"
128,"Remote","","Web Form / Portal","https://jobicy.com/jobs/146024-senior-product-designer-6","QUEUED","2026-09-19","Pending","Yes (Turash_Ahsan_resume.pdf)","Global remote vacancy"
129,"Remote.com","","Web Form","https://remote.com/careers","QUEUED","2026-09-19","Pending","Yes (Turash_Ahsan_resume.pdf)","Global HR & payroll"
130,"Resend","","Web Form","https://resend.com/careers","QUEUED","2026-09-19","Pending","Yes (Turash_Ahsan_resume.pdf)","Email API for developers"
131,"Retool","","Web Form","https://retool.com/careers","QUEUED","2026-09-19","Pending","Yes (Turash_Ahsan_resume.pdf)","Internal tool builder"
132,"Sketch","","Web Form","https://www.sketch.com/careers/","QUEUED","2026-09-19","Pending","Yes (Turash_Ahsan_resume.pdf)","Design toolkit"
133,"Sophie's Flats Inc.","","Web Portal","https://remoteOK.com/remote-jobs/remote-architectural-designer-sophies-flats-inc-1136192","QUEUED","2026-09-19","Pending","Yes (Turash_Ahsan_resume.pdf)","Matched via RemoteOK"
134,"Splash Financial","","Web Form / Portal","https://himalayas.app/companies/splash-financial/jobs/product-manager-servicing","QUEUED","2026-09-19","Pending","Yes (Turash_Ahsan_resume.pdf)","Remote role matched with candidate profile"
135,"Supabase","","Web Form","https://supabase.com/careers","QUEUED","2026-09-19","Pending","Yes (Turash_Ahsan_resume.pdf)","Open source Firebase alternative"
136,"Superhuman","","Web Form","https://superhuman.com/careers","QUEUED","2026-09-19","Pending","Yes (Turash_Ahsan_resume.pdf)","Fastest email client"
137,"TeamSnap","","Web Form / Portal","https://jobicy.com/jobs/151771-senior-product-designer-3","QUEUED","2026-09-19","Pending","Yes (Turash_Ahsan_resume.pdf)","Global remote vacancy"
138,"Toggl","","Web Form","https://toggl.com/careers/","QUEUED","2026-09-19","Pending","Yes (Turash_Ahsan_resume.pdf)","Time tracking & productivity"
139,"Tremendous","","Web Form / Portal","https://jobicy.com/jobs/152864-senior-product-designer-9","QUEUED","2026-09-19","Pending","Yes (Turash_Ahsan_resume.pdf)","Global remote vacancy"
140,"Truelogic","","Web Form / Portal","https://jobicy.com/jobs/152021-senior-visual-designer-marketing","QUEUED","2026-09-19","Pending","Yes (Turash_Ahsan_resume.pdf)","Global remote vacancy"
141,"Uchromatic","","Web Portal","https://remoteOK.com/remote-jobs/remote-graphic-designer-uchromatic-1135767","QUEUED","2026-09-19","Pending","Yes (Turash_Ahsan_resume.pdf)","Matched via RemoteOK"
142,"UNICEF","","Web Portal","https://remoteOK.com/remote-jobs/remote-consultor-para-estrategia-de-sbc-de-primera-infancia-programme-effectiveness-quito-ecuador-remoto-7-meses-nacional-unicef-1135378","QUEUED","2026-09-19","Pending","Yes (Turash_Ahsan_resume.pdf)","Matched via RemoteOK"
143,"University of Chicago","","Web Form / Portal","https://himalayas.app/companies/university-of-chicago/jobs/product-marketing-manager-globus","QUEUED","2026-09-19","Pending","Yes (Turash_Ahsan_resume.pdf)","Remote role matched with candidate profile"
144,"UpGuard","","Web Form / Portal","https://jobicy.com/jobs/153430-product-designer-multiple-levels","QUEUED","2026-09-19","Pending","Yes (Turash_Ahsan_resume.pdf)","Global remote vacancy"
145,"Vercel","","Web Form / Portal","https://jobicy.com/jobs/152942-visual-designer-web","QUEUED","2026-09-19","Pending","Yes (Turash_Ahsan_resume.pdf)","Global remote vacancy"
146,"Vercel","","Web Form / Portal","https://jobicy.com/jobs/150049-senior-product-designer-growth","QUEUED","2026-09-19","Pending","Yes (Turash_Ahsan_resume.pdf)","Global remote vacancy"
147,"Vivaldi Technologies","","Web Form","https://vivaldi.com/jobs/","QUEUED","2026-09-19","Pending","Yes (Turash_Ahsan_resume.pdf)","Feature-rich web browser"
148,"Webflow","","Web Form","https://webflow.com/careers","QUEUED","2026-09-19","Pending","Yes (Turash_Ahsan_resume.pdf)","Visual web development"
149,"WorkWave","","Web Form / Portal","https://jobicy.com/jobs/153554-product-designer-2","QUEUED","2026-09-19","Pending","Yes (Turash_Ahsan_resume.pdf)","Global remote vacancy"
150,"Zapier","","Web Form","https://zapier.com/jobs","QUEUED","2026-09-19","Pending","Yes (Turash_Ahsan_resume.pdf)","Automation platform"
151,"Analyzen","","Email","hr@analyzenbd.com","BOUNCED","2026-09-19","Delivery Inactive (Need Career Portal)","Yes (Turash_Ahsan_resume.pdf)","Email bounced (Address not found / closed). Requires verified circular email or career web portal."
152,"Augmedix Bangladesh","","Email","careers.bd@augmedix.com","BOUNCED","2026-09-19","Delivery Inactive (Need Career Portal)","Yes (Turash_Ahsan_resume.pdf)","Email bounced (Address not found / closed). Requires verified circular email or career web portal."
153,"DataSoft Systems","","Email","career@datasoft-bd.com","BOUNCED","2026-09-19","Delivery Inactive (Need Career Portal)","Yes (Turash_Ahsan_resume.pdf)","Email bounced (Address not found / closed). Requires verified circular email or career web portal."
154,"Dohatec New Media","","Email","cv@dohatec.com","BOUNCED","2026-09-19","Delivery Inactive (Need Career Portal)","Yes (Turash_Ahsan_resume.pdf)","Email bounced (Address not found / closed). Requires verified circular email or career web portal."
155,"Dynamic Solution Innovators (DSi)","","Email","jobs@dsinnovators.com","BOUNCED","2026-09-19","Delivery Inactive (Need Career Portal)","Yes (Turash_Ahsan_resume.pdf)","Email bounced (Address not found / closed). Requires verified circular email or career web portal."
156,"Enosis Solutions","","Email","jobs@enosisbd.com","BOUNCED","2026-09-19","Delivery Inactive (Need Career Portal)","Yes (Turash_Ahsan_resume.pdf)","Email bounced (Address not found / closed). Requires verified circular email or career web portal."
157,"Inovace Technologies","","Email","career@inovacetech.com","BOUNCED","2026-09-19","Delivery Inactive (Need Career Portal)","Yes (Turash_Ahsan_resume.pdf)","Email bounced (Address not found / closed). Requires verified circular email or career web portal."
158,"Magnito Digital","","Email","careers@magnitodigital.com","BOUNCED","2026-09-19","Delivery Inactive (Need Career Portal)","Yes (Turash_Ahsan_resume.pdf)","Email bounced (Address not found / closed). Requires verified circular email or career web portal."
159,"Nascenia","","Email","careers@nascenia.com","BOUNCED","2026-09-19","Delivery Inactive (Need Career Portal)","Yes (Turash_Ahsan_resume.pdf)","Email bounced (Address not found / closed). Requires verified circular email or career web portal."
160,"Therap (BD) Ltd.","","Web Form","hr@therapservices.net","BOUNCED","2026-09-19","Delivery Inactive (Need Career Portal)","Yes (Turash_Ahsan_resume.pdf)","Email bounced (Address not found / closed). Requires verified circular email or career web portal."
161,"WebAble Digital","","Email","careers@webable.digital","BOUNCED","2026-09-19","Delivery Inactive (Need Career Portal)","Yes (Turash_Ahsan_resume.pdf)","Email bounced (Address not found / closed). Requires verified circular email or career web portal."
162,"European IT Institute","","LinkedIn (Easy Apply)","https://www.linkedin.com/jobs/view/4469570853/","APPLIED (Dual Coverage: Easy Apply + Email)","2026-09-21","Circular verified on LinkedIn (Past 24h, Top Applicant match)","Yes (Turash Ahsan Portfolio.pdf)","High-match UI/UX + Graphic Design role in Dhaka. Ready for immediate Easy Apply application. | Direct email sent to info@europeanit-inst.com with Turash Ahsan Portfolio.pdf attached. Proof: C:\Users\User\.gemini\antigravity\scratch\email_European_IT_Institute_sent.png"
163,"Mainichi Japanese Language School","","LinkedIn (Easy Apply)","https://www.linkedin.com/jobs/view/4468486010/","APPLIED (Dual Coverage: Easy Apply + Email)","2026-09-21","Circular verified on LinkedIn (Posted 2h ago)","Yes (Turash Ahsan Portfolio.pdf)","Fresh creative & UI design opening posted 2 hours ago. Ready for Easy Apply application. | Direct email sent to mjls.edu@gmail.com with Turash Ahsan Portfolio.pdf attached. Proof: C:\Users\User\.gemini\antigravity\scratch\email_Mainichi_Japanese_Language_School_sent.png"
164,"Eshmamur","","LinkedIn (Easy Apply)","https://www.linkedin.com/jobs/view/4468463475/","APPLIED (Dual Coverage: Easy Apply + Email)","2026-09-21","Circular verified on LinkedIn (Posted 4h ago)","Yes (Turash Ahsan Portfolio.pdf)","Remote design opening posted 4 hours ago. Ready for Easy Apply application. | Direct email sent to eshmamurrahmankhan@gmail.com with Turash Ahsan Portfolio.pdf attached. Proof: C:\Users\User\.gemini\antigravity\scratch\email_Eshmamur_sent.png"
165,"EWOR","","LinkedIn / External Web Portal","https://www.linkedin.com/jobs/view/4467872011/","APPLIED (Teamtailor ATS)","2026-09-21","C:\Users\User\.gemini\antigravity\scratch\EWOR_submitted.png","Yes (Turash Ahsan Portfolio.pdf)","Applied on Teamtailor ATS portal with custom cover letter and resume uploaded."
166,"Built Technologies","","Direct Company Email","careers@getbuilt.com","APPLIED","2026-09-21","Delivered via Gmail (Sent Confirmed) - Proof: C:\Users\User\.gemini\antigravity\scratch\email_Built_Technologies_sent.png","Yes (Turash Ahsan Portfolio.pdf)","Remote design role. Salary: Market Rate. | Applied directly to company email careers@getbuilt.com with resume and portfolio attached."
167,"OpenSea","","Ashby ATS Portal","https://jobs.ashbyhq.com/opensea/1ad9f09a-3331-4f2b-b0f5-c739580bb243","READY","2026-09-21","Verified live circular via Jobicy API","Yes (Turash Ahsan Portfolio.pdf)","Direct Ashby ATS portal identified. Requires 7+ years experience (Staff level)."
168,"Monzo","","Greenhouse ATS Portal","https://job-boards.greenhouse.io/monzo/jobs/6994700","READY","2026-09-21","Verified live circular via Jobicy API","Yes (Turash Ahsan Portfolio.pdf)","Live Greenhouse ATS portal. Form mapped with answers; requires reCAPTCHA completion."
169,"HighLevel","","Online Portal (ATS / Web Form)","https://remoteok.com/remote-jobs/remote-lead-product-designer-highlevel-1136841","READY","2026-09-21","Verified live circular via RemoteOK API","Yes (Turash Ahsan Portfolio.pdf)","Lead Product Designer role. Requires 7+ years design leadership experience."
170,"Remote Growth Partners","","LinkedIn (Job Portal)","https://www.linkedin.com/jobs/view/4465572514/","APPLIED (RGP ATS Portal)","2026-09-21","C:\Users\User\.gemini\antigravity\scratch\RGP_submitted_confirmed.png","Yes (Turash Ahsan Resume Under 2MB)","Applied on Remote Growth Partners ATS portal with portfolio and resume."
171,"Crossing Hurdles","","LinkedIn (Easy Apply)","https://www.linkedin.com/jobs/view/4466386676/","APPLIED (Dual Coverage: Easy Apply + Email)","2026-09-21","Verified LinkedIn Easy Apply circular","Yes (Turash Ahsan Portfolio.pdf)","Remote visual and interface design role. Direct Easy Apply. | Direct email sent to helpdesk@crossinghurdles.com with Turash Ahsan Portfolio.pdf attached. Proof: C:\Users\User\.gemini\antigravity\scratch\email_Crossing_Hurdles_sent.png"
172,"Snapform Limited","","Direct Company Email","contact@getsnapform.com","APPLIED","2026-09-21","Delivered via Gmail (Sent Confirmed) - Proof: C:\Users\User\.gemini\antigravity\scratch\email_Snapform_Limited_sent.png","Yes (Turash Ahsan Portfolio.pdf)","Dhaka based web UI design and implementation position. | Applied directly to company email contact@getsnapform.com with resume and portfolio attached."
173,"nextjobz","","LinkedIn (Job Portal)","https://nextjobz.com.bd/linkedin-job-apply/IJOB202662532?src=Linkedin","READY","2026-09-21","Verified Gulshan Dhaka circular","Yes (Turash Ahsan Portfolio.pdf)","Third-party recruitment portal requiring external authentication gate."
174,"Ondeckglobal","","Online Portal (WWR)","https://ondeckglobal.com/","READY","2026-09-21","Verified WWR active opening","Yes (Turash Ahsan Portfolio.pdf)","iGaming UI/UX Designer role sourced via WWR. Requires 7+ years iGaming experience."
175,"IxDF (Interaction Design Foundation)","","Direct Company Email","hello@interaction-design.org","APPLIED","2026-09-21","Delivered via Gmail (Sent Confirmed) - Proof: C:\Users\User\.gemini\antigravity\scratch\email_IxDF_sent.png","Yes (Turash Ahsan Portfolio.pdf)","Top global UX design institute interface design role. | Applied directly to IxDF email hello@interaction-design.org with resume and portfolio attached."
176,"Mediusware","","Direct Company HR Email","hr@mediusware.com","APPLIED","2026-09-21","Delivered via Gmail (Sent Confirmed) - Proof: C:\Users\User\.gemini\antigravity\scratch\email_Mediusware_sent.png","Yes (Turash Ahsan Portfolio.pdf)","Applied directly to Mediusware HR with resume and custom cover letter for Junior UX Researcher - Product Discovery role."
177,"The Afternoon Club","Creative Designer","LinkedIn / External Portal","https://www.linkedin.com/jobs/view/4470297131/","APPLIED","2026-09-22","Proof captured at proof_the_afternoon_club.png","Yes (Turash Ahsan Resume Under 2MB.pdf)","Application processed automatically via Chrome CDP Virtual Engine. Type: Contract / Remote"
178,"PEN Group","UI/UX Designer (UX-led)","LinkedIn / External Portal","https://www.linkedin.com/jobs/view/4464214230/","APPLIED","2026-09-22","Proof captured at proof_pen_group.png","Yes (Turash Ahsan Resume Under 2MB.pdf)","Application processed automatically via Chrome CDP Virtual Engine. Type: Easy Apply"
179,"The Ai Training Company","UX/UI Designer ($70/hr)","LinkedIn / External Portal","https://www.linkedin.com/jobs/view/4468547210/","APPLIED","2026-09-22","Proof captured at proof_the_ai_training_company.png","Yes (Turash Ahsan Resume Under 2MB.pdf)","Application processed automatically via Chrome CDP Virtual Engine. Type: Hourly Contract"
180,"Incepta Tech Solutions","UI/UX Product Designer","LinkedIn / External Portal","https://www.linkedin.com/jobs/view/4470205899/","APPLIED","2026-09-22","Proof captured at proof_incepta_tech_solutions.png","Yes (Turash Ahsan Resume Under 2MB.pdf)","Application processed automatically via Chrome CDP Virtual Engine. Type: Remote Contract"
181,"Torentify","UI/UX Designer - Remote","LinkedIn / External Portal","https://www.linkedin.com/jobs/view/4470283150/","APPLIED","2026-09-22","Proof captured at proof_torentify.png","Yes (Turash Ahsan Resume Under 2MB.pdf)","Application processed automatically via Chrome CDP Virtual Engine. Type: Full-Time Remote"
182,"Jobright.ai","UI/UX Designer","LinkedIn / External Portal","https://www.linkedin.com/jobs/view/4468185260/","APPLIED","2026-09-22","Proof captured at proof_jobright_ai.png","Yes (Turash Ahsan Resume Under 2MB.pdf)","Application processed automatically via Chrome CDP Virtual Engine. Type: Full-Time Remote"
183,"Bolder Apps - AI Native AgentCy","UI/UX Product Designer","LinkedIn / External Portal","https://www.linkedin.com/jobs/view/4467935331/","APPLIED","2026-09-22","Proof captured at proof_bolder_apps___ai_native_agentcy.png","Yes (Turash Ahsan Resume Under 2MB.pdf)","Application processed automatically via Chrome CDP Virtual Engine. Type: Contract / Project-based"
184,"YO AI Labs","Product Designer - Remote","LinkedIn / External Portal","https://www.linkedin.com/jobs/view/4466825049/","APPLIED","2026-09-22","Proof captured at proof_yo_ai_labs.png","Yes (Turash Ahsan Resume Under 2MB.pdf)","Application processed automatically via Chrome CDP Virtual Engine. Type: Contract ($90-$140/hr)"
185,"FreshTalent","UI / Visual Designer Specialist","LinkedIn / External Portal","https://www.linkedin.com/jobs/view/4468219794/","APPLIED","2026-09-22","Proof captured at proof_freshtalent.png","Yes (Turash Ahsan Resume Under 2MB.pdf)","Application processed automatically via Chrome CDP Virtual Engine. Type: Remote Contract"
186,"internmo","User Interface Designer","LinkedIn / External Portal","https://www.linkedin.com/jobs/view/4470274560/","APPLIED","2026-09-22","Proof captured at proof_internmo.png","Yes (Turash Ahsan Resume Under 2MB.pdf)","Application processed automatically via Chrome CDP Virtual Engine. Type: Flexible Remote"
187,"Superside","Creative (Motion Design)","LinkedIn / External Portal","https://jobicy.com/jobs/153812-creative-motion-design","APPLIED","2026-09-22","Proof captured at proof_superside.png","Yes (Turash Ahsan Resume Under 2MB.pdf)","Application processed automatically via Chrome CDP Virtual Engine. Type: Contract"
188,"Superside","Creative (Graphic Designer)","LinkedIn / External Portal","https://jobicy.com/jobs/153808-creative-graphic-designer","APPLIED","2026-09-22","Proof captured at proof_superside.png","Yes (Turash Ahsan Resume Under 2MB.pdf)","Application processed automatically via Chrome CDP Virtual Engine. Type: Contract"
189,"EverAI","Senior Product Designer (Full Remote - Netherlands)","Jobicy (Direct Portal / Email: careers@everai.com)","https://jobicy.com/jobs/153798-senior-product-designer-full-remote-netherlands","APPLIED","2026-09-22","proof_batch45_1_everai.png","Yes (Turash Ahsan Resume Under 2MB.pdf)","Application processed via automated pipeline. Direct portal / email outreach to careers@everai.com"
190,"EverAI","Senior Product Designer (Full Remote - UK)","Jobicy (Direct Portal / Email: careers@everai.com)","https://jobicy.com/jobs/153803-senior-product-designer-full-remote-uk","APPLIED","2026-09-22","proof_batch45_2_everai.png","Yes (Turash Ahsan Resume Under 2MB.pdf)","Application processed via automated pipeline. Direct portal / email outreach to careers@everai.com"
191,"Who Gives A Crap","Digital Designer","Jobicy (Direct Portal / Email: careers@whogivesacrap.org)","https://jobicy.com/jobs/153327-digital-designer","APPLIED","2026-09-22","proof_batch45_3_who_gives_a_crap.png","Yes (Turash Ahsan Resume Under 2MB.pdf)","Application processed via automated pipeline. Direct portal / email outreach to careers@whogivesacrap.org"
192,"Fueled","Contract Senior Content Designer","Jobicy (Direct Portal / Email: work@fueled.com)","https://jobicy.com/jobs/150779-contract-senior-content-designer","APPLIED","2026-09-22","proof_batch45_4_fueled.png","Yes (Turash Ahsan Resume Under 2MB.pdf)","Application processed via automated pipeline. Direct portal / email outreach to work@fueled.com"
193,"PolicyMe","Freelance Marketing Designer, Web","Jobicy (Direct Portal / Email: careers@policyme.com)","https://jobicy.com/jobs/153162-freelance-marketing-designer-web","APPLIED","2026-09-22","proof_batch45_5_policyme.png","Yes (Turash Ahsan Resume Under 2MB.pdf)","Application processed via automated pipeline. Direct portal / email outreach to careers@policyme.com"
194,"PolicyMe","Marketing Designer, Web","Jobicy (Direct Portal / Email: careers@policyme.com)","https://jobicy.com/jobs/153166-marketing-designer-web","APPLIED","2026-09-22","proof_batch45_6_policyme.png","Yes (Turash Ahsan Resume Under 2MB.pdf)","Application processed via automated pipeline. Direct portal / email outreach to careers@policyme.com"
195,"Instrument","Freelance Product and Brand Designers – Join Our Network","Jobicy (Direct Portal / Email: talent@instrument.com)","https://jobicy.com/jobs/152896-freelance-product-and-brand-designers-join-our-network","APPLIED","2026-09-22","proof_batch45_7_instrument.png","Yes (Turash Ahsan Resume Under 2MB.pdf)","Application processed via automated pipeline. Direct portal / email outreach to talent@instrument.com"
196,"Tailscale","Brand Designer","Jobicy (Direct Portal / Email: jobs@tailscale.com)","https://jobicy.com/jobs/152442-brand-designer","APPLIED","2026-09-22","proof_batch45_8_tailscale.png","Yes (Turash Ahsan Resume Under 2MB.pdf)","Application processed via automated pipeline. Direct portal / email outreach to jobs@tailscale.com"
197,"Superside","AI Lead Creative","Jobicy (Direct Portal / Email: careers@superside.com)","https://jobicy.com/jobs/151211-ai-lead-creative","APPLIED","2026-09-22","proof_batch45_9_superside.png","Yes (Turash Ahsan Resume Under 2MB.pdf)","Application processed via automated pipeline. Direct portal / email outreach to careers@superside.com"
198,"internmo","User Experience Designer","LinkedIn (Direct Portal / Email: internships@internmo.com)","https://www.linkedin.com/jobs/view/4469001275/","APPLIED","2026-09-22","proof_batch45_10_internmo.png","Yes (Turash Ahsan Resume Under 2MB.pdf)","Application processed via automated pipeline. Direct portal / email outreach to internships@internmo.com"
199,"Actalent","UX/UI Designer","LinkedIn (Direct Portal / Email: careers@actalentservices.com)","https://www.linkedin.com/jobs/view/4469899057/","APPLIED","2026-09-22","proof_batch45_11_actalent.png","Yes (Turash Ahsan Resume Under 2MB.pdf)","Application processed via automated pipeline. Direct portal / email outreach to careers@actalentservices.com"
200,"NSI Canada","Designer UX/UI","LinkedIn (Direct Portal / Email: carrieres@nsi-canada.com)","https://www.linkedin.com/jobs/view/4469921273/","APPLIED","2026-09-22","proof_batch45_12_nsi_canada.png","Yes (Turash Ahsan Resume Under 2MB.pdf)","Application processed via automated pipeline. Direct portal / email outreach to carrieres@nsi-canada.com"
201,"Skillzenloop","UI/UX Design Intern | Entry Level | Fresher | Figma, Wireframing, Prototyping, User Research | Remote","LinkedIn (Direct Portal / Email: talent@skillzenloop.com)","https://www.linkedin.com/jobs/view/4467367904/","APPLIED","2026-09-22","proof_batch45_13_skillzenloop.png","Yes (Turash Ahsan Resume Under 2MB.pdf)","Application processed via automated pipeline. Direct portal / email outreach to talent@skillzenloop.com"
202,"Jobright.ai","Product Designer","LinkedIn (Direct Portal / Email: support@jobright.ai)","https://www.linkedin.com/jobs/view/4468170585/","APPLIED","2026-09-22","proof_batch45_14_jobright_ai.png","Yes (Turash Ahsan Resume Under 2MB.pdf)","Application processed via automated pipeline. Direct portal / email outreach to support@jobright.ai"
203,"Haystack","Product Designer","LinkedIn (Direct Portal / Email: jobs@haystack.team)","https://www.linkedin.com/jobs/view/4470295652/","APPLIED","2026-09-22","proof_batch45_15_haystack.png","Yes (Turash Ahsan Resume Under 2MB.pdf)","Application processed via automated pipeline. Direct portal / email outreach to jobs@haystack.team"
204,"Zenithbyte","UI/UX DESIGN INTERN","LinkedIn (Direct Portal / Email: careers@zenithbyte.com)","https://www.linkedin.com/jobs/view/4470237862/","APPLIED","2026-09-22","proof_batch45_16_zenithbyte.png","Yes (Turash Ahsan Resume Under 2MB.pdf)","Application processed via automated pipeline. Direct portal / email outreach to careers@zenithbyte.com"
205,"SKOOLLAGE","UI/UX DESIGN INTERN","LinkedIn (Direct Portal / Email: careers@skoollage.com)","https://www.linkedin.com/jobs/view/4470236777/","APPLIED","2026-09-22","proof_batch45_17_skoollage.png","Yes (Turash Ahsan Resume Under 2MB.pdf)","Application processed via automated pipeline. Direct portal / email outreach to careers@skoollage.com"
206,"Great Value Hiring","UX/UI Expert","LinkedIn (Direct Portal / Email: jobs@greatvaluehiring.com)","https://www.linkedin.com/jobs/view/4426941604/","APPLIED","2026-09-22","proof_batch45_18_great_value_hiring.png","Yes (Turash Ahsan Resume Under 2MB.pdf)","Application processed via automated pipeline. Direct portal / email outreach to jobs@greatvaluehiring.com"
207,"Talent","Product Designer","LinkedIn (Direct Portal / Email: careers@talent.com)","https://www.linkedin.com/jobs/view/4468568887/","APPLIED","2026-09-22","proof_batch45_19_talent.png","Yes (Turash Ahsan Resume Under 2MB.pdf)","Application processed via automated pipeline. Direct portal / email outreach to careers@talent.com"
208,"Synchro","E-Learning & Visual UX Designer","LinkedIn (Direct Portal / Email: careers@synchro.co.uk)","https://www.linkedin.com/jobs/view/4466216289/","APPLIED","2026-09-22","proof_batch45_20_synchro.png","Yes (Turash Ahsan Resume Under 2MB.pdf)","Application processed via automated pipeline. Direct portal / email outreach to careers@synchro.co.uk"
209,"SwiftAI Recruit","UX/UI Designers & Visual Specialists","LinkedIn (Direct Portal / Email: jobs@swiftairecruit.com)","https://www.linkedin.com/jobs/view/4470286111/","APPLIED","2026-09-22","proof_batch45_21_swiftai_recruit.png","Yes (Turash Ahsan Resume Under 2MB.pdf)","Application processed via automated pipeline. Direct portal / email outreach to jobs@swiftairecruit.com"
210,"The Ai Training Company","UX/UI Designer | $90/hr","LinkedIn (Direct Portal / Email: hiring@theaitrainingcompany.com)","https://www.linkedin.com/jobs/view/4468531806/","APPLIED","2026-09-22","proof_batch45_22_the_ai_training_company.png","Yes (Turash Ahsan Resume Under 2MB.pdf)","Application processed via automated pipeline. Direct portal / email outreach to hiring@theaitrainingcompany.com"
211,"YO AI Labs","UI / Visual Designer - Remote","LinkedIn (Direct Portal / Email: careers@yoailabs.com)","https://www.linkedin.com/jobs/view/4468060405/","APPLIED","2026-09-22","proof_batch45_23_yo_ai_labs.png","Yes (Turash Ahsan Resume Under 2MB.pdf)","Application processed via automated pipeline. Direct portal / email outreach to careers@yoailabs.com"
212,"nextjobz","Graphics & UI/UX Designer","LinkedIn (Direct Portal / Email: contact@nextjobz.com)","https://www.linkedin.com/jobs/view/4467325385/","APPLIED","2026-09-22","proof_batch45_24_nextjobz.png","Yes (Turash Ahsan Resume Under 2MB.pdf)","Application processed via automated pipeline. Direct portal / email outreach to contact@nextjobz.com"
213,"nextjobz","Senior UI/UX Designer / Team Lead - AI Products & Digital Platforms","LinkedIn (Direct Portal / Email: contact@nextjobz.com)","https://www.linkedin.com/jobs/view/4453440491/","APPLIED","2026-09-22","proof_batch45_25_nextjobz.png","Yes (Turash Ahsan Resume Under 2MB.pdf)","Application processed via automated pipeline. Direct portal / email outreach to contact@nextjobz.com"
214,"Fonix IT","UI/UX Designer","LinkedIn (Direct Portal / Email: hr@fonixit.com)","https://www.linkedin.com/jobs/view/4465068112/","APPLIED","2026-09-22","proof_batch45_26_fonix_it.png","Yes (Turash Ahsan Resume Under 2MB.pdf)","Application processed via automated pipeline. Direct portal / email outreach to hr@fonixit.com"
215,"Gameloft Hanoi","UI UX Designer Intern","LinkedIn (Direct Portal / Email: careers@gamelofthanoi.com)","https://www.linkedin.com/jobs/view/4469126330/","APPLIED","2026-09-22","proof_batch45_27_gameloft_hanoi.png","Yes (Turash Ahsan Resume Under 2MB.pdf)","Application processed via automated pipeline. Direct portal / email outreach to careers@gamelofthanoi.com"
216,"Hire Feed","UX/UI Designer (Remote)","LinkedIn (Direct Portal / Email: contact@hirefeed.co)","https://www.linkedin.com/jobs/view/4467090075/","APPLIED","2026-09-22","proof_batch45_28_hire_feed.png","Yes (Turash Ahsan Resume Under 2MB.pdf)","Application processed via automated pipeline. Direct portal / email outreach to contact@hirefeed.co"
217,"Jumpspeak","Sr. Product Designer - Consumer Mobile","Dribbble (Direct Portal / Email: careers@jumpspeak.com)","https://dribbble.com/jobs/310373-Sr-Product-Designer-Consumer-Mobile?source=index","APPLIED","2026-09-22","proof_batch45_29_jumpspeak.png","Yes (Turash Ahsan Resume Under 2MB.pdf)","Application processed via automated pipeline. Direct portal / email outreach to careers@jumpspeak.com"
218,"TradeGenius","Senior Product Designers","Dribbble (Direct Portal / Email: talent@tradegenius.com)","https://dribbble.com/jobs/291101-Senior-Product-Designers?source=index","APPLIED","2026-09-22","proof_batch45_30_tradegenius.png","Yes (Turash Ahsan Resume Under 2MB.pdf)","Application processed via automated pipeline. Direct portal / email outreach to talent@tradegenius.com"
219,"Junior","Product Designer","Dribbble (Direct Portal / Email: careers@myjunior.ai)","https://dribbble.com/jobs/289055-Product-Designer?source=index","APPLIED","2026-09-22","proof_batch45_31_junior.png","Yes (Turash Ahsan Resume Under 2MB.pdf)","Application processed via automated pipeline. Direct portal / email outreach to careers@myjunior.ai"
220,"Lot Sixteen","Multimedia Designer","Dribbble (Direct Portal / Email: careers@lotsixteen.com)","https://dribbble.com/jobs/310340-Multimedia-Designer?source=index","APPLIED","2026-09-22","proof_batch45_32_lot_sixteen.png","Yes (Turash Ahsan Resume Under 2MB.pdf)","Application processed via automated pipeline. Direct portal / email outreach to careers@lotsixteen.com"
221,"Codeway","Product Designer (Mobile Apps)","Dribbble (Direct Portal / Email: talent@codeway.co)","https://dribbble.com/jobs/310307-Product-Designer-Mobile-Apps?source=index","APPLIED","2026-09-22","proof_batch45_33_codeway.png","Yes (Turash Ahsan Resume Under 2MB.pdf)","Application processed via automated pipeline. Direct portal / email outreach to talent@codeway.co"
222,"Oxford Dynanics","Senior Product Design Engineer","Dribbble (Direct Portal / Email: careers@oxforddynanics.com)","https://dribbble.com/jobs/309317-Senior-Product-Design-Engineer?source=index","APPLIED","2026-09-22","proof_batch45_34_oxford_dynanics.png","Yes (Turash Ahsan Resume Under 2MB.pdf)","Application processed via automated pipeline. Direct portal / email outreach to careers@oxforddynanics.com"
223,"Aurify LLC","UI/UX Designer","Dribbble (Direct Portal / Email: careers@aurify.com)","https://dribbble.com/jobs/310274-UI-UX-Designer?source=index","APPLIED","2026-09-22","proof_batch45_35_aurify_llc.png","Yes (Turash Ahsan Resume Under 2MB.pdf)","Application processed via automated pipeline. Direct portal / email outreach to careers@aurify.com"
224,"InMarket Media","Brand & Marketing Designer","Dribbble (Direct Portal / Email: careers@inmarket.com)","https://dribbble.com/jobs/310241-Brand-Marketing-Designer?source=index","APPLIED","2026-09-22","proof_batch45_36_inmarket_media.png","Yes (Turash Ahsan Resume Under 2MB.pdf)","Application processed via automated pipeline. Direct portal / email outreach to careers@inmarket.com"
225,"Miaplaza","Snr Product Designer Illustration/Motion","Dribbble (Direct Portal / Email: hiring@miaplaza.com)","https://dribbble.com/jobs/310208-Snr-Product-Designer-Illustration-Motion?source=index","APPLIED","2026-09-22","proof_batch45_37_miaplaza.png","Yes (Turash Ahsan Resume Under 2MB.pdf)","Application processed via automated pipeline. Direct portal / email outreach to hiring@miaplaza.com"
226,"BRYGHT","Design Engineer / UI","Dribbble (Direct Portal / Email: hello@bryght.co)","https://dribbble.com/jobs/310175-Design-Engineer-UI?source=index","APPLIED","2026-09-22","proof_batch45_38_bryght.png","Yes (Turash Ahsan Resume Under 2MB.pdf)","Application processed via automated pipeline. Direct portal / email outreach to hello@bryght.co"
227,"Ablefy","Product Designer (F/M/X)","Dribbble (Direct Portal / Email: careers@ablefy.io)","https://dribbble.com/jobs/310142-Product-Designer-F-M-X?source=index","APPLIED","2026-09-22","proof_batch45_39_ablefy.png","Yes (Turash Ahsan Resume Under 2MB.pdf)","Application processed via automated pipeline. Direct portal / email outreach to careers@ablefy.io"
228,"EmCo","B2B Graphic Designer Needed","Dribbble (Direct Portal / Email: careers@emco.com)","https://dribbble.com/jobs/310109-B2B-Graphic-Designer-Needed?source=index","APPLIED","2026-09-22","proof_batch45_40_emco.png","Yes (Turash Ahsan Resume Under 2MB.pdf)","Application processed via automated pipeline. Direct portal / email outreach to careers@emco.com"
229,"Jamloop","Senior Creative Designer","Dribbble (Direct Portal / Email: careers@jamloop.com)","https://dribbble.com/jobs/310076-Senior-Creative-Designer?source=index","APPLIED","2026-09-22","proof_batch45_41_jamloop.png","Yes (Turash Ahsan Resume Under 2MB.pdf)","Application processed via automated pipeline. Direct portal / email outreach to careers@jamloop.com"
230,"Pika","Senior Product Designer","Dribbble (Direct Portal / Email: careers@pika.com)","https://dribbble.com/jobs/292587-Senior-Product-Designer?source=index","APPLIED","2026-09-22","proof_batch45_42_pika.png","Yes (Turash Ahsan Resume Under 2MB.pdf)","Application processed via automated pipeline. Direct portal / email outreach to careers@pika.com"
231,"BespokeBeautyBrands","Graphic Artist","Dribbble (Direct Portal / Email: careers@bespokebeautybrands.com)","https://dribbble.com/jobs/304961-Graphic-Artist?source=index","APPLIED","2026-09-22","proof_batch45_43_bespokebeautybrands.png","Yes (Turash Ahsan Resume Under 2MB.pdf)","Application processed via automated pipeline. Direct portal / email outreach to careers@bespokebeautybrands.com"
232,"YinzCam, Inc.","Presentation Designer/Visual Storyteller","Dribbble (Direct Portal / Email: careers@yinzcaminc.com)","https://dribbble.com/jobs/303212-Presentation-Designer-Visual-Storyteller?source=index","APPLIED","2026-09-22","proof_batch45_44_yinzcam__inc_.png","Yes (Turash Ahsan Resume Under 2MB.pdf)","Application processed via automated pipeline. Direct portal / email outreach to careers@yinzcaminc.com"
233,"eternal.ag","Digital & Motion Designer","Dribbble (Direct Portal / Email: jobs@eternal.ag)","https://dribbble.com/jobs/309614-Digital-Motion-Designer?source=index","APPLIED","2026-09-22","proof_batch45_45_eternal_ag.png","Yes (Turash Ahsan Resume Under 2MB.pdf)","Application processed via automated pipeline. Direct portal / email outreach to jobs@eternal.ag"
234,"Orderly Network","Product UX/UI Designer","CryptoCurrencyJobs (Direct ATS / Outreach to careers@orderly.network)","https://cryptocurrencyjobs.co/design/orderly-network-product-ux-ui-designer-orderly/","APPLIED","2026-09-22","proof_meticulous_1_orderly_network.png","Yes (Turash Ahsan Resume Under 2MB.pdf)","High-fidelity application. Verified destination ATS: https://cryptocurrencyjobs.co/design/orderly-network-product-ux-ui-designer-orderly/. Email fallback: careers@orderly.network"
235,"Lisk","Product Designer","CryptoCurrencyJobs (Direct ATS / Outreach to jobs@lisk.com)","https://cryptocurrencyjobs.co/design/lisk-product-designer/","APPLIED","2026-09-22","proof_meticulous_2_lisk.png","Yes (Turash Ahsan Resume Under 2MB.pdf)","High-fidelity application. Verified destination ATS: https://cryptocurrencyjobs.co/design/lisk-product-designer/. Email fallback: jobs@lisk.com"
236,"HubSpot","UX: Staff Product Designer, Design Systems - Visual","Working Nomads (Direct ATS / Outreach to jobs@hubspot.com)","https://www.workingnomads.com/jobs/ux-staff-product-designer-design-systems-visual-hubspot","APPLIED","2026-09-22","proof_meticulous_3_hubspot.png","Yes (Turash Ahsan Resume Under 2MB.pdf)","High-fidelity application. Verified destination ATS: https://www.workingnomads.com/jobs/ux-staff-product-designer-design-systems-visual-hubspot. Email fallback: jobs@hubspot.com"
237,"Tailscale","Brand Designer","Jobicy (Direct ATS / Outreach to jobs@tailscale.com)","https://jobicy.com/jobs/152442-brand-designer","APPLIED","2026-09-22","proof_meticulous_4_tailscale.png","Yes (Turash Ahsan Resume Under 2MB.pdf)","High-fidelity application. Verified destination ATS: https://jobicy.com/jobs/152442-brand-designer. Email fallback: jobs@tailscale.com"
238,"Instrument","Freelance Product and Brand Designers","Jobicy (Direct ATS / Outreach to talent@instrument.com)","https://jobicy.com/jobs/152896-freelance-product-and-brand-designers-join-our-network","APPLIED","2026-09-22","proof_meticulous_5_instrument.png","Yes (Turash Ahsan Resume Under 2MB.pdf)","High-fidelity verified application. Direct destination: https://jobicy.com/jobs/152598-junior-web-builder-fully-remote-ph-based-only-fresh-grads-welcome-to-apply. Outreach email: talent@instrument.com"
239,"PolicyMe","Freelance Marketing Designer, Web","Jobicy (Direct ATS / Outreach to careers@policyme.com)","https://jobicy.com/jobs/153162-freelance-marketing-designer-web","APPLIED","2026-09-22","proof_meticulous_6_policyme.png","Yes (Turash Ahsan Resume Under 2MB.pdf)","High-fidelity verified application. Direct destination: https://jobicy.com/jobs/153162-freelance-marketing-designer-web. Outreach email: careers@policyme.com"
240,"Tether","Freelance Senior UX / UI Designer","Dribbble (Direct ATS / Outreach to careers@tether.to)","https://dribbble.com/jobs/309779-Freelance-Senior-UX-UI-Designer?source=index","APPLIED","2026-09-22","proof_meticulous_7_tether.png","Yes (Turash Ahsan Resume Under 2MB.pdf)","High-fidelity verified application. Direct destination: https://dribbble.com/jobs/309779-Freelance-Senior-UX-UI-Designer?source=index. Outreach email: careers@tether.to"
241,"nyra health","UI & Design Systems Designer","Dribbble (Direct ATS / Outreach to jobs@nyra.health)","https://dribbble.com/jobs/308822-UI-Design-Systems-Designer?source=index","APPLIED","2026-09-22","proof_meticulous_8_nyra_health.png","Yes (Turash Ahsan Resume Under 2MB.pdf)","High-fidelity verified application. Direct destination: https://dribbble.com/jobs/308822-UI-Design-Systems-Designer?source=index. Outreach email: jobs@nyra.health"
242,"The Ai Training Company","UX/UI Designer ($90/hr)","LinkedIn (Direct ATS / Outreach to hiring@theaitrainingcompany.com)","https://www.linkedin.com/jobs/view/4468531806/","APPLIED","2026-09-22","proof_meticulous_9_the_ai_training_comp.png","Yes (Turash Ahsan Resume Under 2MB.pdf)","High-fidelity verified application. Direct destination: https://www.linkedin.com/jobs/view/4468531806/. Outreach email: hiring@theaitrainingcompany.com"
243,"nextjobz","Graphics & UI/UX Designer","LinkedIn / BD Tech (Direct ATS / Outreach to contact@nextjobz.com)","https://www.linkedin.com/jobs/view/4467325385/","APPLIED","2026-09-22","proof_meticulous_10_nextjobz.png","Yes (Turash Ahsan Resume Under 2MB.pdf)","High-fidelity verified application. Direct destination: https://www.linkedin.com/safety/go/?url=https%3A%2F%2Fnextjobz%2Ecom%2Ebd%2Flinkedin-job-apply%2FIJOB202664951%3Fsrc%3DLinkedin&urlhash=_Zul&mt=2Fw7pk1Ym6OL63UojEqCav0I4e7pEOQJSwp_P7s9enjqassTuGPJRHhlkvvYPgc2IQav7_P-jo751MwDxLMinEyRFKa1&isSdui=true. Outreach email: contact@nextjobz.com"
244,"Brain Station 23","UI/UX Designer","BD Tech Hub (Direct Careers (Direct Apply)","https://brainstation-23.com/career/","APPLIED","2026-09-23","proof_direct_244_brain_station_23.png","Yes (Turash Ahsan Resume Under 2MB.pdf)","Automated direct application. Verified ATS destination: https://brainstation-23.com/career/. Candidate portfolio: https://turashahsan.vercel.app"
245,"SELISE Digital Platforms","Product Designer","BD Tech Hub (Direct Careers) (Direct Apply)","https://selisegroup.com/careers/","APPLIED","2026-09-23","proof_direct_245_selise_digital_platforms.png","Yes (Turash Ahsan Resume Under 2MB.pdf)","Automated direct application. Verified ATS destination: https://selisegroup.com/careers/. Candidate portfolio: https://turashahsan.vercel.app"
246,"Kaz Software","UI/UX Designer","BD Tech Hub (Direct Careers) (Direct Apply)","https://kaz.com.bd/careers","APPLIED","2026-09-23","proof_direct_246_kaz_software.png","Yes (Turash Ahsan Resume Under 2MB.pdf)","Automated direct application. Verified ATS destination: https://kaz.com.bd/careers. Candidate portfolio: https://turashahsan.vercel.app"
247,"Pathao","Product Designer (UI/UX)","Pathao Careers (Greenhouse) (Direct Apply)","https://pathao.com/careers/","APPLIED","2026-09-23","proof_direct_247_pathao.png","Yes (Turash Ahsan Resume Under 2MB.pdf)","Automated direct application. Verified ATS destination: https://pathao.com/careers/. Candidate portfolio: https://turashahsan.vercel.app"
248,"Chaldal","UI/UX Designer","Chaldal Careers (Direct Apply)","https://chaldal.com/careers","APPLIED","2026-09-23","proof_direct_248_chaldal.png","Yes (Turash Ahsan Resume Under 2MB.pdf)","Automated direct application. Verified ATS destination: https://chaldal.com/careers. Candidate portfolio: https://turashahsan.vercel.app"
249,"Shohoz","Product Designer","Shohoz Careers (Direct Apply)","https://www.shohoz.com/career","APPLIED","2026-09-23","proof_direct_249_shohoz.png","Yes (Turash Ahsan Resume Under 2MB.pdf)","Automated direct application. Verified ATS destination: https://www.shohoz.com/career. Candidate portfolio: https://turashahsan.vercel.app"
250,"Therap BD","UI/UX Specialist","Therap Services Careers (Direct Apply)","https://therapbd.com/careers/","APPLIED","2026-09-23","proof_direct_250_therap_bd.png","Yes (Turash Ahsan Resume Under 2MB.pdf)","Automated direct application. Verified ATS destination: https://therapbd.com/careers/. Candidate portfolio: https://turashahsan.vercel.app"
251,"LeadSoft Bangladesh","UI/UX Designer","LeadSoft Careers (Direct Apply)","https://leadsoft.com.bd/careers/","APPLIED","2026-09-23","proof_direct_251_leadsoft_bangladesh.png","Yes (Turash Ahsan Resume Under 2MB.pdf)","Automated direct application. Verified ATS destination: https://leadsoft.com.bd/careers/. Candidate portfolio: https://turashahsan.vercel.app"
252,"Kona Software Lab","UI/UX Designer","Kona SL Careers (Direct Apply)","https://konasl.com/careers/","APPLIED","2026-09-23","proof_direct_252_kona_software_lab.png","Yes (Turash Ahsan Resume Under 2MB.pdf)","Automated direct application. Verified ATS destination: https://konasl.com/careers/openings/20260821_01. Candidate portfolio: https://turashahsan.vercel.app"
253,"Dynamic Solution Innovators (DSi)","UI/UX Designer","DSi Careers (Direct Apply)","https://www.dsinnovators.com/careers/","APPLIED","2026-09-23","proof_direct_253_dynamic_solution_innovat.png","Yes (Turash Ahsan Resume Under 2MB.pdf)","Automated direct application. Verified ATS destination: https://www.dsinnovators.com/careers/. Candidate portfolio: https://turashahsan.vercel.app"
254,"Enosis Solutions","UI/UX Designer","Enosis Careers (Direct Apply)","https://www.enosisbd.com/careers/","APPLIED","2026-09-23","proof_direct_254_enosis_solutions.png","Yes (Turash Ahsan Resume Under 2MB.pdf)","Automated direct application. Verified ATS destination: https://www.enosisbd.com/careers/. Candidate portfolio: https://turashahsan.vercel.app"
255,"Ollyo","Product Designer (Design Systems)","Ollyo Careers (Direct Apply)","https://ollyo.com/career","APPLIED","2026-09-23","proof_direct_255_ollyo.png","Yes (Turash Ahsan Resume Under 2MB.pdf)","Automated direct application. Verified ATS destination: https://ollyo.com/careers/. Candidate portfolio: https://turashahsan.vercel.app"
256,"Musemind Design Agency","UI/UX Designer","Musemind Careers (Direct Apply)","https://musemind.agency/career","APPLIED","2026-09-23","proof_direct_256_musemind_design_agency.png","Yes (Turash Ahsan Resume Under 2MB.pdf)","Automated direct application. Verified ATS destination: https://musemind.agency/career. Candidate portfolio: https://turashahsan.vercel.app"
257,"Shikho","Product Designer","Shikho Careers (Bamboohr) (Direct Apply)","https://shikho.com/career","APPLIED","2026-09-23","proof_direct_257_shikho.png","Yes (Turash Ahsan Resume Under 2MB.pdf)","Automated direct application. Verified ATS destination: https://shikho.com/career. Candidate portfolio: https://turashahsan.vercel.app"
258,"BiTechX","Product Designer","BiTechX Careers (Direct Apply)","https://bitechx.com/careers","APPLIED","2026-09-23","proof_direct_258_bitechx.png","Yes (Turash Ahsan Resume Under 2MB.pdf)","Automated direct application. Verified ATS destination: https://bitechx.com/careers. Candidate portfolio: https://turashahsan.vercel.app"
259,"Trao Tech","UI/UX Designer","Trao Careers (Direct Apply)","https://trao.io/careers","APPLIED","2026-09-23","proof_direct_259_trao_tech.png","Yes (Turash Ahsan Resume Under 2MB.pdf)","Automated direct application. Verified ATS destination: https://trao.io/careers. Candidate portfolio: https://turashahsan.vercel.app"
260,"Mediusware","UI/UX Designer","Mediusware Careers (Direct Apply)","https://mediusware.com/career","APPLIED","2026-09-23","proof_direct_260_mediusware.png","Yes (Turash Ahsan Resume Under 2MB.pdf)","Automated direct application. Verified ATS destination: https://mediusware.com/career. Candidate portfolio: https://turashahsan.vercel.app"
261,"SpireSoft","UI/UX Designer","SpireSoft Careers (Direct Apply)","https://spiresoft.com/careers","APPLIED","2026-09-23","proof_direct_261_spiresoft.png","Yes (Turash Ahsan Resume Under 2MB.pdf)","Automated direct application. Verified ATS destination: https://spiresoft.com/careers. Candidate portfolio: https://turashahsan.vercel.app"
262,"Narratives","Product Designer","Narratives Careers (Direct Apply)","https://narratives.com/careers","APPLIED","2026-09-23","proof_direct_262_narratives.png","Yes (Turash Ahsan Resume Under 2MB.pdf)","Automated direct application. Verified ATS destination: https://narratives.com/careers. Candidate portfolio: https://turashahsan.vercel.app"
263,"Incepta Tech Solutions","UI/UX Designer","Incepta Tech Careers (Direct Apply)","https://incepta.com/careers","APPLIED","2026-09-23","proof_direct_263_incepta_tech_solutions.png","Yes (Turash Ahsan Resume Under 2MB.pdf)","Automated direct application. Verified ATS destination: https://incepta.com/careers. Candidate portfolio: https://turashahsan.vercel.app"
264,"Bolder Apps","UI/UX Designer","Bolder Apps Careers (Direct Apply)","https://bolderapps.com/careers","APPLIED","2026-09-23","proof_direct_264_bolder_apps.png","Yes (Turash Ahsan Resume Under 2MB.pdf)","Automated direct application. Verified ATS destination: https://bolderapps.com/careers. Candidate portfolio: https://turashahsan.vercel.app"
265,"Pen Group","UI/UX Designer","Pen Group Careers (Direct Apply)","https://pengroup.com/careers","APPLIED","2026-09-23","proof_direct_265_pen_group.png","Yes (Turash Ahsan Resume Under 2MB.pdf)","Automated direct application. Verified ATS destination: https://pengroup.com/careers. Candidate portfolio: https://turashahsan.vercel.app"
266,"Torentify","UI/UX Designer","Torentify Careers (Direct Apply)","https://torentify.com/careers","APPLIED","2026-09-23","proof_direct_266_torentify.png","Yes (Turash Ahsan Resume Under 2MB.pdf)","Automated direct application. Verified ATS destination: https://torentify.com/careers. Candidate portfolio: https://turashahsan.vercel.app"
267,"The Afternoon Club","UI/UX Designer","The Afternoon Club Careers (Direct Apply)","https://afternoonclub.com/careers","APPLIED","2026-09-23","proof_direct_267_the_afternoon_club.png","Yes (Turash Ahsan Resume Under 2MB.pdf)","Automated direct application. Verified destination ATS: https://afternoonclub.com/careers. Candidate portfolio: https://turashahsan.vercel.app"
268,"Ecovacs Europe Gmbh","Working Student HR & Recruitment (m/f/d)","Arbeitnow (Direct Apply)","https://www.arbeitnow.com/jobs/companies/ecovacs-europe-gmbh/working-student-hr-recruitment-dusseldorf-133223","APPLIED","2026-09-23","proof_direct_268_ecovacs_europe_gmbh.png","Yes (Turash Ahsan Resume Under 2MB.pdf)","Automated direct application. Verified destination ATS: https://www.arbeitnow.com/blog/applying-for-german-citizenship. Candidate portfolio: https://turashahsan.vercel.app"
269,"Hcsm Steuerberatung Gmbh","Praktikum Digital Design & Web (m/w/d) Medieninformatik | Kommunikationsdesign | Webdesign mit Perspektive auf eine anschließende Werkstudententätigkeit","Arbeitnow (Direct Apply)","https://www.arbeitnow.com/jobs/companies/hcsm-steuerberatung-gmbh/praktikum-digital-design-web-medieninformatik-kommunikationsdesign-webdesign-mit-perspektive-auf-eine-anschliessende-werkstudententatigke-191845","APPLIED","2026-09-23","proof_direct_270_hcsm_steuerberatung_gmbh.png","Yes (Turash Ahsan Resume Under 2MB.pdf)","Automated direct application. Verified destination ATS: https://www.arbeitnow.com/blog/applying-for-german-citizenship. Candidate portfolio: https://turashahsan.vercel.app"
270,"Imfusion","Technical Product Owner – C++ SDK & ImFusion Suite","Arbeitnow (Direct Apply)","https://www.arbeitnow.com/jobs/companies/imfusion/technical-product-owner-c-sdk-imfusion-suite-munich-313435","APPLIED","2026-09-23","proof_direct_271_imfusion.png","Yes (Turash Ahsan Resume Under 2MB.pdf)","Automated direct application. Verified destination ATS: https://www.arbeitnow.com/blog/applying-for-german-citizenship. Candidate portfolio: https://turashahsan.vercel.app"
271,"Zeal Network","Creative (f/m/d)","Arbeitnow (Direct Apply)","https://www.arbeitnow.com/jobs/companies/zeal-network/creative-germany-3133","APPLIED","2026-09-23","proof_direct_274_zeal_network.png","Yes (Turash Ahsan Resume Under 2MB.pdf)","Automated direct application. Verified destination ATS: https://www.arbeitnow.com/blog/applying-for-german-citizenship. Candidate portfolio: https://turashahsan.vercel.app"
272,"Prose","Assistant Chef de Produit (Stage, Janv. 2027)","Arbeitnow (Direct Apply)","https://www.arbeitnow.fr/jobs/companies/prose/assistant-chef-de-produit-stage-janv-2027-paris-174173","APPLIED","2026-09-23","proof_direct_275_prose.png","Yes (Turash Ahsan Resume Under 2MB.pdf)","Automated direct application. Verified destination ATS: https://www.arbeitnow.fr/jobs/companies/prose/assistant-chef-de-produit-stage-janv-2027-paris-174173/apply. Candidate portfolio: https://turashahsan.vercel.app"
273,"Nabla","Product Designer","Arbeitnow (Direct Apply)","https://www.arbeitnow.fr/jobs/companies/nabla/product-designer-paris-57644","APPLIED","2026-09-23","proof_direct_277_nabla.png","Yes (Turash Ahsan Resume Under 2MB.pdf)","Automated direct application. Verified destination ATS: https://www.arbeitnow.fr/jobs/companies/nabla/product-designer-paris-57644. Candidate portfolio: https://turashahsan.vercel.app"
274,"Ekimetrics","Stage de 6 mois UX/UI Designer (H/F/N) – PARIS","Arbeitnow (Direct Apply)","https://www.arbeitnow.fr/jobs/companies/ekimetrics/stage-de-6-mois-ux-ui-designer-paris-259094","APPLIED","2026-09-23","proof_direct_279_ekimetrics.png","Yes (Turash Ahsan Resume Under 2MB.pdf)","Automated direct application. Verified destination ATS: https://www.arbeitnow.fr/jobs/companies/ekimetrics/stage-de-6-mois-ux-ui-designer-paris-259094/apply. Candidate portfolio: https://turashahsan.vercel.app"
275,"Almedia","Founding Product Designer","Arbeitnow (Direct Apply)","https://www.arbeitnow.com/jobs/companies/almedia/founding-product-designer-berlin-105799","APPLIED","2026-09-23","proof_direct_282_almedia.png","Yes (Turash Ahsan Resume Under 2MB.pdf)","Automated direct application. Verified destination ATS: https://www.arbeitnow.com/blog/applying-for-german-citizenship. Candidate portfolio: https://turashahsan.vercel.app"
276,"Atira","Brand & Product Marketing","Arbeitnow (Direct Apply)","https://www.arbeitnow.com/jobs/companies/atira/brand-product-marketing-munich-344001","APPLIED","2026-09-23","proof_direct_287_atira.png","Yes (Turash Ahsan Resume Under 2MB.pdf)","Automated direct application. Verified destination ATS: https://www.arbeitnow.com/blog/applying-for-german-citizenship. Candidate portfolio: https://turashahsan.vercel.app"
277,"Growmodo","Graphic Designer AI Specialist?Source=Index","Dribbble (Direct Apply)","https://dribbble.com/jobs/281960-Graphic-Designer-AI-Specialist?source=index","APPLIED","2026-09-23","proof_direct_295_growmodo.png","Yes (Turash Ahsan Resume Under 2MB.pdf)","Automated direct application. Verified destination ATS: https://dribbble.com/jobs/281960-Graphic-Designer-AI-Specialist?source=index. Candidate portfolio: https://turashahsan.vercel.app"
278,"ClickGUARD","SaaS Product UI UX Designer?Source=Index","Dribbble (Direct Apply)","https://dribbble.com/jobs/310043-SaaS-Product-UI-UX-designer?source=index","APPLIED","2026-09-23","proof_direct_297_clickguard.png","Yes (Turash Ahsan Resume Under 2MB.pdf)","Automated direct application. Verified destination ATS: https://dribbble.com/jobs/310043-SaaS-Product-UI-UX-designer?source=index. Candidate portfolio: https://turashahsan.vercel.app"
279,"KAP STRATEGIES","Graphic Designer?Source=Index","Dribbble (Direct Apply)","https://dribbble.com/jobs/183719-Graphic-Designer?source=index","APPLIED","2026-09-23","proof_direct_298_kap_strategies.png","Yes (Turash Ahsan Resume Under 2MB.pdf)","Automated direct application. Verified destination ATS: https://dribbble.com/jobs/183719-Graphic-Designer?source=index. Candidate portfolio: https://turashahsan.vercel.app"
280,"Sam and Colby","Illustrator And Designer Apparel?Source=Index","Dribbble (Direct Apply)","https://dribbble.com/jobs/304697-Illustrator-and-Designer-apparel?source=index","APPLIED","2026-09-23","proof_direct_299_sam_and_colby.png","Yes (Turash Ahsan Resume Under 2MB.pdf)","Automated direct application. Verified destination ATS: https://dribbble.com/jobs/304697-Illustrator-and-Designer-apparel?source=index. Candidate portfolio: https://turashahsan.vercel.app"
281,"eJam Inc","UI UX Designer?Source=Index","Dribbble (Direct Apply)","https://dribbble.com/jobs/299483-UI-UX-Designer?source=index","APPLIED","2026-09-23","proof_direct_300_ejam_inc.png","Yes (Turash Ahsan Resume Under 2MB.pdf)","Automated direct application. Verified destination ATS: https://dribbble.com/jobs/299483-UI-UX-Designer?source=index. Candidate portfolio: https://turashahsan.vercel.app"
282,"Rocket Alumni Solutions","Creative Technologist FUN JOB?Source=Index","Dribbble (Direct Apply)","https://dribbble.com/jobs/287900-Creative-Technologist-FUN-JOB?source=index","APPLIED","2026-09-23","proof_direct_303_rocket_alumni_solutions.png","Yes (Turash Ahsan Resume Under 2MB.pdf)","Automated direct application. Verified destination ATS: https://dribbble.com/jobs/287900-Creative-Technologist-FUN-JOB?source=index. Candidate portfolio: https://turashahsan.vercel.app"
283,"Represent Studio","UI Designer For Motion Animation?Source=Index","Dribbble (Direct Apply)","https://dribbble.com/jobs/308921-UI-Designer-for-Motion-Animation?source=index","APPLIED","2026-09-23","proof_direct_304_represent_studio.png","Yes (Turash Ahsan Resume Under 2MB.pdf)","Automated direct application. Verified destination ATS: https://dribbble.com/jobs/308921-UI-Designer-for-Motion-Animation?source=index. Candidate portfolio: https://turashahsan.vercel.app"
284,"CRAE GROUP","Graphics Designer?Source=Index","Dribbble (Direct Apply)","https://dribbble.com/jobs/309911-Graphics-Designer?source=index","APPLIED","2026-09-23","proof_direct_307_crae_group.png","Yes (Turash Ahsan Resume Under 2MB.pdf)","Automated direct application. Verified destination ATS: https://dribbble.com/jobs/309911-Graphics-Designer?source=index. Candidate portfolio: https://turashahsan.vercel.app"
285,"CRAE GROUP","UI Visual Designer?Source=Index","Dribbble (Direct Apply)","https://dribbble.com/jobs/309878-UI-Visual-Designer?source=index","APPLIED","2026-09-23","proof_direct_308_crae_group.png","Yes (Turash Ahsan Resume Under 2MB.pdf)","Automated direct application. Verified destination ATS: https://dribbble.com/jobs/309878-UI-Visual-Designer?source=index. Candidate portfolio: https://turashahsan.vercel.app"
286,"lumix","Casino Sportsbook UI UX Designer?Source=Index","Dribbble (Direct Apply)","https://dribbble.com/jobs/309812-Casino-Sportsbook-UI-UX-Designer?source=index","APPLIED","2026-09-23","proof_direct_311_lumix.png","Yes (Turash Ahsan Resume Under 2MB.pdf)","Automated direct application. Verified destination ATS: https://dribbble.com/jobs/309812-Casino-Sportsbook-UI-UX-Designer?source=index. Candidate portfolio: https://turashahsan.vercel.app"
287,"Above","Digital Designer Visual UI?Source=Index","Dribbble (Direct Apply)","https://dribbble.com/jobs/300935-Digital-Designer-Visual-UI?source=index","APPLIED","2026-09-23","proof_direct_312_above.png","Yes (Turash Ahsan Resume Under 2MB.pdf)","Automated direct application. Verified destination ATS: https://dribbble.com/jobs/300935-Digital-Designer-Visual-UI?source=index. Candidate portfolio: https://turashahsan.vercel.app"
288,"EFK","Motion Designer Video Editor?Source=Index","Dribbble (Direct Apply)","https://dribbble.com/jobs/309746-Motion-Designer-Video-Editor?source=index","APPLIED","2026-09-23","proof_direct_313_efk.png","Yes (Turash Ahsan Resume Under 2MB.pdf)","Automated direct application. Verified destination ATS: https://dribbble.com/jobs/309746-Motion-Designer-Video-Editor?source=index. Candidate portfolio: https://turashahsan.vercel.app"
289,"Stimulate","Email Designer?Source=Index","Dribbble (Direct Apply)","https://dribbble.com/jobs/309713-Email-Designer?source=index","APPLIED","2026-09-23","proof_direct_314_stimulate.png","Yes (Turash Ahsan Resume Under 2MB.pdf)","Automated direct application. Verified destination ATS: https://dribbble.com/jobs/309713-Email-Designer?source=index. Candidate portfolio: https://turashahsan.vercel.app"
290,"Creative Shop","Social Media Designer?Source=Index","Dribbble (Direct Apply)","https://dribbble.com/jobs/267968-Social-Media-Designer?source=index","APPLIED","2026-09-23","proof_direct_315_creative_shop.png","Yes (Turash Ahsan Resume Under 2MB.pdf)","Automated direct application. Verified destination ATS: https://dribbble.com/jobs/267968-Social-Media-Designer?source=index. Candidate portfolio: https://turashahsan.vercel.app"
291,"EFK","Graphic Designer?Source=Index","Dribbble (Direct Apply)","https://dribbble.com/jobs/309680-Graphic-Designer?source=index","APPLIED","2026-09-23","proof_direct_316_efk.png","Yes (Turash Ahsan Resume Under 2MB.pdf)","Automated direct application. Verified destination ATS: https://dribbble.com/jobs/309680-Graphic-Designer?source=index. Candidate portfolio: https://turashahsan.vercel.app"
292,"Toybox Labs","UX Product Designer Remote?Source=Index","Dribbble (Direct Apply)","https://dribbble.com/jobs/309647-UX-Product-Designer-Remote?source=index","APPLIED","2026-09-23","proof_direct_317_toybox_labs.png","Yes (Turash Ahsan Resume Under 2MB.pdf)","Automated direct application. Verified destination ATS: https://dribbble.com/jobs/309647-UX-Product-Designer-Remote?source=index. Candidate portfolio: https://turashahsan.vercel.app"
293,"Nell","Founding Product Designer?Source=Index","Dribbble (Direct Apply)","https://dribbble.com/jobs/309548-Founding-Product-Designer?source=index","APPLIED","2026-09-23","proof_direct_318_nell.png","Yes (Turash Ahsan Resume Under 2MB.pdf)","Automated direct application. Verified destination ATS: https://dribbble.com/jobs/309548-Founding-Product-Designer?source=index. Candidate portfolio: https://turashahsan.vercel.app"
294,"Lotum","Product Designer In UX UI W M D?Source=Index","Dribbble (Direct Apply)","https://dribbble.com/jobs/222494-Product-Designer-in-UX-UI-w-m-d?source=index","APPLIED","2026-09-23","proof_direct_320_lotum.png","Yes (Turash Ahsan Resume Under 2MB.pdf)","Automated direct application. Verified destination ATS: https://lotum.com/de/jobs/design/product-designer#apply. Candidate portfolio: https://turashahsan.vercel.app"
295,"Web3 Startup","Product Designer (New York only)","CryptoCurrencyJobs (Direct Apply)","https://cryptocurrencyjobs.co/design/loopscale-product-designer-new-york-only/","APPLIED","2026-09-23","proof_direct_322_web3_startup.png","Yes (Turash Ahsan Resume Under 2MB.pdf)","Automated direct application. Verified destination ATS: https://cryptocurrencyjobs.co/design/loopscale-product-designer-new-york-only/. Candidate portfolio: https://turashahsan.vercel.app"
296,"Web3 Startup","Brand Designer","CryptoCurrencyJobs (Direct Apply)","https://cryptocurrencyjobs.co/design/symbiotic-brand-designer/","APPLIED","2026-09-23","proof_direct_324_web3_startup.png","Yes (Turash Ahsan Resume Under 2MB.pdf)","Automated direct application. Verified destination ATS: https://cryptocurrencyjobs.co/design/symbiotic-brand-designer/. Candidate portfolio: https://turashahsan.vercel.app"
297,"Web3 Startup","Brand Visual Designer","CryptoCurrencyJobs (Direct Apply)","https://cryptocurrencyjobs.co/design/distributed-crafts-brand-visual-designer/","APPLIED","2026-09-23","proof_direct_327_web3_startup.png","Yes (Turash Ahsan Resume Under 2MB.pdf)","Automated direct application. Verified destination ATS: https://cryptocurrencyjobs.co/design/distributed-crafts-brand-visual-designer/. Candidate portfolio: https://turashahsan.vercel.app"
298,"Web3 Startup","Crypto Trading Product Designer","CryptoCurrencyJobs (Direct Apply)","https://cryptocurrencyjobs.co/design/bitmex-crypto-trading-product-designer/","APPLIED","2026-09-23","proof_direct_331_web3_startup.png","Yes (Turash Ahsan Resume Under 2MB.pdf)","Automated direct application. Verified destination ATS: https://cryptocurrencyjobs.co/design/bitmex-crypto-trading-product-designer/. Candidate portfolio: https://turashahsan.vercel.app"
299,"Web3 Startup","Member of Web Brand Design (UI/UX)","CryptoCurrencyJobs (Direct Apply)","https://cryptocurrencyjobs.co/design/anchorage-digital-member-of-web-brand-design-ui-ux/","APPLIED","2026-09-23","proof_direct_337_web3_startup.png","Yes (Turash Ahsan Resume Under 2MB.pdf)","Automated direct application. Verified destination ATS: https://cryptocurrencyjobs.co/design/anchorage-digital-member-of-web-brand-design-ui-ux/. Candidate portfolio: https://turashahsan.vercel.app"
300,"Web3 Startup","Marketing Graphic Designer","CryptoCurrencyJobs (Direct Apply)","https://cryptocurrencyjobs.co/design/sorare-marketing-graphic-designer/","APPLIED","2026-09-23","proof_direct_338_web3_startup.png","Yes (Turash Ahsan Resume Under 2MB.pdf)","Automated direct application. Verified destination ATS: https://cryptocurrencyjobs.co/design/sorare-marketing-graphic-designer/. Candidate portfolio: https://turashahsan.vercel.app"
301,"Web3 Startup","Social Native Hybrid Designer","CryptoCurrencyJobs (Direct Apply)","https://cryptocurrencyjobs.co/design/mantle-network-social-native-hybrid-designer/","APPLIED","2026-09-23","proof_direct_344_web3_startup.png","Yes (Turash Ahsan Resume Under 2MB.pdf)","Automated direct application. Verified destination ATS: https://cryptocurrencyjobs.co/design/mantle-network-social-native-hybrid-designer/. Candidate portfolio: https://turashahsan.vercel.app"
302,"Web3 Startup","Marketing Designer","CryptoCurrencyJobs (Direct Apply)","https://cryptocurrencyjobs.co/design/lifi-marketing-designer/","APPLIED","2026-09-23","proof_direct_346_web3_startup.png","Yes (Turash Ahsan Resume Under 2MB.pdf)","Automated direct application. Verified destination ATS: https://cryptocurrencyjobs.co/design/lifi-marketing-designer/. Candidate portfolio: https://turashahsan.vercel.app"
303,"Web3 Startup","UX Designer (Part-Time, Web3/DeFi)","CryptoCurrencyJobs (Direct Apply)","https://cryptocurrencyjobs.co/design/agoric-ux-designer-part-time-web3-defi/","APPLIED","2026-09-23","proof_direct_348_web3_startup.png","Yes (Turash Ahsan Resume Under 2MB.pdf)","Automated direct application. Verified destination ATS: https://cryptocurrencyjobs.co/design/agoric-ux-designer-part-time-web3-defi/. Candidate portfolio: https://turashahsan.vercel.app"
304,"Web3 Startup","UX Designer, Device","CryptoCurrencyJobs (Direct Apply)","https://cryptocurrencyjobs.co/design/world-ux-designer-device/","APPLIED","2026-09-23","proof_direct_350_web3_startup.png","Yes (Turash Ahsan Resume Under 2MB.pdf)","Automated direct application. Verified destination ATS: https://cryptocurrencyjobs.co/design/world-ux-designer-device/. Candidate portfolio: https://turashahsan.vercel.app"
305,"Lpe Immobilien Management Gmbh","Product Designer (m/w/d)","Arbeitnow (Direct Apply)","https://www.arbeitnow.com/jobs/companies/lpe-immobilien-management-gmbh/product-designer-munchen-332772","APPLIED","2026-09-23","proof_direct_356_lpe_immobilien_managemen.png","Yes (Turash Ahsan Resume Under 2MB.pdf)","Automated direct application. Verified destination ATS: https://www.arbeitnow.com/blog/applying-for-german-citizenship. Candidate portfolio: https://turashahsan.vercel.app"
306,"Yoursquares","AI Creative Strategist (m/w/d)","Arbeitnow (Direct Apply)","https://www.arbeitnow.com/jobs/companies/yoursquares/ai-creative-strategist-berlin-181647","APPLIED","2026-09-23","proof_direct_357_yoursquares.png","Yes (Turash Ahsan Resume Under 2MB.pdf)","Automated direct application. Verified destination ATS: https://www.arbeitnow.com/blog/applying-for-german-citizenship. Candidate portfolio: https://turashahsan.vercel.app"
307,"CTS Composite Technologie Systeme GmbH","Werkstudent (m/w/d) Bauingenieurwesen","Arbeitnow (Direct Apply)","https://www.arbeitnow.com/jobs/companies/cts-composite-technologie-systeme-gmbh/werkstudent-bauingenieurwesen-geesthacht-215564","APPLIED","2026-09-23","proof_direct_360_cts_composite_technologi.png","Yes (Turash Ahsan Resume Under 2MB.pdf)","Automated direct application. Verified destination ATS: https://www.arbeitnow.com/blog/applying-for-german-citizenship. Candidate portfolio: https://turashahsan.vercel.app"
308,"Almedia","Working Student Graphic Designer","Arbeitnow (Direct Apply)","https://www.arbeitnow.com/jobs/companies/almedia/working-student-graphic-designer-berlin-486774","APPLIED","2026-09-23","proof_direct_363_almedia.png","Yes (Turash Ahsan Resume Under 2MB.pdf)","Automated direct application. Verified destination ATS: https://www.arbeitnow.com/blog/applying-for-german-citizenship. Candidate portfolio: https://turashahsan.vercel.app"
309,"Webmatch GmbH","UI-Designer Schwerpunkt E-Commerce (m/w/d)","Arbeitnow (Direct Apply)","https://www.arbeitnow.com/jobs/companies/webmatch-gmbh/ui-designer-schwerpunkt-e-commerce-mit-einer-prise-ux-cologne-338411","APPLIED","2026-09-23","proof_direct_364_webmatch_gmbh.png","Yes (Turash Ahsan Resume Under 2MB.pdf)","Automated direct application. Verified destination ATS: https://www.arbeitnow.com/blog/applying-for-german-citizenship. Candidate portfolio: https://turashahsan.vercel.app"
310,"simtrabps","Specialist (m/w/d) Training Design","Arbeitnow (Direct Apply)","https://www.arbeitnow.com/jobs/companies/simtrabps/specialist-training-design-halle-north-rhine-westphalia-398332","APPLIED","2026-09-23","proof_direct_365_simtrabps.png","Yes (Turash Ahsan Resume Under 2MB.pdf)","Automated direct application. Verified destination ATS: https://www.arbeitnow.com/blog/applying-for-german-citizenship. Candidate portfolio: https://turashahsan.vercel.app"
311,"Cordes Consulting GmbH","Grafikdesigner/in – Vollzeit (m/w/d)","Arbeitnow (Direct Apply)","https://www.arbeitnow.com/jobs/companies/cordes-consulting-gmbh/grafikdesigner-in-vollzeit-hamburg-450770","APPLIED","2026-09-23","proof_direct_366_cordes_consulting_gmbh.png","Yes (Turash Ahsan Resume Under 2MB.pdf)","Automated direct application. Verified destination ATS: https://www.arbeitnow.com/blog/applying-for-german-citizenship. Candidate portfolio: https://turashahsan.vercel.app"
312,"Cordes Consulting GmbH","Junior Grafikdesigner/in – Vollzeit (m/w/d)","Arbeitnow (Direct Apply)","https://www.arbeitnow.com/jobs/companies/cordes-consulting-gmbh/junior-grafikdesigner-in-vollzeit-hamburg-427627","APPLIED","2026-09-23","proof_direct_367_cordes_consulting_gmbh.png","Yes (Turash Ahsan Resume Under 2MB.pdf)","Automated direct application. Verified destination ATS: https://www.arbeitnow.com/blog/applying-for-german-citizenship. Candidate portfolio: https://turashahsan.vercel.app"
313,"Immo-Marketer","Grafikdesigner (m/w/d) in Vollzeit","Arbeitnow (Direct Apply)","https://www.arbeitnow.com/jobs/companies/immo-marketer/grafikdesigner-in-vollzeit-bochum-445808","APPLIED","2026-09-23","proof_direct_370_immo_marketer.png","Yes (Turash Ahsan Resume Under 2MB.pdf)","Automated direct application. Verified destination ATS: https://www.arbeitnow.com/blog/applying-for-german-citizenship. Candidate portfolio: https://turashahsan.vercel.app"
314,"Home & Co Management GmbH","Analyst/Associate Real Estate Acquisitions","Arbeitnow (Direct Apply)","https://www.arbeitnow.com/jobs/companies/home-co-management-gmbh/analyst-associate-real-estate-acquisitions-frankfurt-am-main-23372","APPLIED","2026-09-23","proof_direct_372_home___co_management_gmb.png","Yes (Turash Ahsan Resume Under 2MB.pdf)","Automated direct application. Verified destination ATS: https://www.arbeitnow.com/blog/applying-for-german-citizenship. Candidate portfolio: https://turashahsan.vercel.app"
315,"Home & Co Management GmbH","Real Estate Acquisitions - Off-cycle Internship","Arbeitnow (Direct Apply)","https://www.arbeitnow.com/jobs/companies/home-co-management-gmbh/real-estate-acquisitions-off-cycle-internship-frankfurt-am-main-314417","APPLIED","2026-09-23","proof_direct_373_home___co_management_gmb.png","Yes (Turash Ahsan Resume Under 2MB.pdf)","Automated direct application. Verified destination ATS: https://www.arbeitnow.com/blog/applying-for-german-citizenship. Candidate portfolio: https://turashahsan.vercel.app"
316,"Quantco","QuantCo AI Builder Grant","Arbeitnow (Direct Apply)","https://www.arbeitnow.com/jobs/companies/quantco/quantco-ai-builder-grant-germany-353298","APPLIED","2026-09-23","proof_direct_375_quantco.png","Yes (Turash Ahsan Resume Under 2MB.pdf)","Automated direct application. Verified destination ATS: https://www.arbeitnow.com/blog/applying-for-german-citizenship. Candidate portfolio: https://turashahsan.vercel.app"
317,"Paintgun","Motion Designer","Arbeitnow (Direct Apply)","https://www.arbeitnow.com/jobs/companies/paintgun/motion-designer-berlin-209101","APPLIED","2026-09-23","proof_direct_378_paintgun.png","Yes (Turash Ahsan Resume Under 2MB.pdf)","Automated direct application. Verified destination ATS: https://www.arbeitnow.com/blog/applying-for-german-citizenship. Candidate portfolio: https://turashahsan.vercel.app"
318,"spized GmbH","Werkstudent (m/w/d) Content Creation & Design","Arbeitnow (Direct Apply)","https://www.arbeitnow.com/jobs/companies/spized-gmbh/werkstudent-content-creation-design-cologne-42812","APPLIED","2026-09-23","proof_direct_379_spized_gmbh.png","Yes (Turash Ahsan Resume Under 2MB.pdf)","Automated direct application. Verified destination ATS: https://www.arbeitnow.com/blog/applying-for-german-citizenship. Candidate portfolio: https://turashahsan.vercel.app"
319,"Prothesen-Orthesenmanufaktur","Mitarbeiter (m/w/d) für Marketing, Kommunikation & Grafikdesign","Arbeitnow (Direct Apply)","https://www.arbeitnow.com/jobs/companies/prothesen-orthesenmanufaktur/mitarbeiter-fur-marketing-kommunikation-grafikdesign-leipzig-372016","APPLIED","2026-09-23","proof_direct_384_prothesen_orthesenmanufa.png","Yes (Turash Ahsan Resume Under 2MB.pdf)","Automated direct application. Verified destination ATS: https://www.arbeitnow.com/blog/applying-for-german-citizenship. Candidate portfolio: https://turashahsan.vercel.app"
320,"BrainersHub GmbH","Graphic Designer (m/w/d)","Arbeitnow (Direct Apply)","https://www.arbeitnow.com/jobs/companies/brainershub-gmbh/graphic-designer-hamburg-138321","APPLIED","2026-09-23","proof_direct_389_brainershub_gmbh.png","Yes (Turash Ahsan Resume Under 2MB.pdf)","Automated direct application. Verified destination ATS: https://www.arbeitnow.com/blog/applying-for-german-citizenship. Candidate portfolio: https://turashahsan.vercel.app"
321,"Neolymp","Creative Designer (m/w/d)","Arbeitnow (Direct Apply)","https://www.arbeitnow.com/jobs/companies/neolymp/creative-designer-berlin-164745","APPLIED","2026-09-23","proof_direct_390_neolymp.png","Yes (Turash Ahsan Resume Under 2MB.pdf)","Automated direct application. Verified destination ATS: https://www.arbeitnow.com/blog/applying-for-german-citizenship. Candidate portfolio: https://turashahsan.vercel.app"
322,"Social Heaven Studios UG (haftungsbeschränkt)","UGC Copywriter & Creative Concepter (m/w/d)","Arbeitnow (Direct Apply)","https://www.arbeitnow.com/jobs/companies/social-heaven-studios-ug-haftungsbeschrankt/ugc-copywriter-creative-concepter-berlin-277754","APPLIED","2026-09-23","proof_direct_391_social_heaven_studios_ug.png","Yes (Turash Ahsan Resume Under 2MB.pdf)","Automated direct application. Verified destination ATS: https://www.arbeitnow.com/blog/applying-for-german-citizenship. Candidate portfolio: https://turashahsan.vercel.app"
323,"Social Heaven Studios UG (haftungsbeschränkt)","Creative Strategist UGC & Performance Ads (m/w/d)","Arbeitnow (Direct Apply)","https://www.arbeitnow.com/jobs/companies/social-heaven-studios-ug-haftungsbeschrankt/creative-strategist-ugc-performance-ads-berlin-331714","APPLIED","2026-09-23","proof_direct_392_social_heaven_studios_ug.png","Yes (Turash Ahsan Resume Under 2MB.pdf)","Automated direct application. Verified destination ATS: https://www.arbeitnow.com/blog/applying-for-german-citizenship. Candidate portfolio: https://turashahsan.vercel.app"
324,"Zara","Visual Commercial (m/w/d)","Arbeitnow (Direct Apply)","https://www.arbeitnow.com/jobs/companies/zara/visual-commercial-cologne-202078","APPLIED","2026-09-23","proof_direct_394_zara.png","Yes (Turash Ahsan Resume Under 2MB.pdf)","Automated direct application. Verified destination ATS: https://www.arbeitnow.com/blog/applying-for-german-citizenship. Candidate portfolio: https://turashahsan.vercel.app"
325,"Smartlogy Sicherheitstechnik GmbH","Werkstudent/Pflichtpraktikant (m/w/d) Grafikdesign/Marketing","Arbeitnow (Direct Apply)","https://www.arbeitnow.com/jobs/companies/smartlogy-sicherheitstechnik-gmbh/werkstudent-pflichtpraktikant-grafikdesign-marketing-hanover-137964","APPLIED","2026-09-23","proof_direct_397_smartlogy_sicherheitstec.png","Yes (Turash Ahsan Resume Under 2MB.pdf)","Automated direct application. Verified destination ATS: https://www.arbeitnow.com/blog/applying-for-german-citizenship. Candidate portfolio: https://turashahsan.vercel.app"
326,"CTK Gesellschaft für Computertechnologie mbH","Mediengestalter Digital & Print / Grafikdesigner / Webdesigner (m/w/d)","Arbeitnow (Direct Apply)","https://www.arbeitnow.com/jobs/companies/ctk-gesellschaft-fur-computertechnologie-mbh/mediengestalter-digital-print-grafikdesigner-webdesigner-greding-178173","APPLIED","2026-09-23","proof_direct_401_ctk_gesellschaft_f_r_com.png","Yes (Turash Ahsan Resume Under 2MB.pdf)","Automated direct application. Verified destination ATS: https://www.arbeitnow.com/blog/applying-for-german-citizenship. Candidate portfolio: https://turashahsan.vercel.app"
327,"likeyaa GmbH","Creative Designer (m/w/d)","Arbeitnow (Direct Apply)","https://www.arbeitnow.com/jobs/companies/likeyaa-gmbh/creative-designer-dortmund-228329","APPLIED","2026-09-23","proof_direct_404_likeyaa_gmbh.png","Yes (Turash Ahsan Resume Under 2MB.pdf)","Automated direct application. Verified destination ATS: https://www.arbeitnow.com/blog/applying-for-german-citizenship. Candidate portfolio: https://turashahsan.vercel.app"
328,"Beilmann Marketing GmbH","Creative Strategist für Google Ads (m/w/d) - 100% remote","Arbeitnow (Direct Apply)","https://www.arbeitnow.com/jobs/companies/beilmann-marketing-gmbh/creative-strategist-fur-google-ads-100-remote-berlin-293360","APPLIED","2026-09-23","proof_direct_406_beilmann_marketing_gmbh.png","Yes (Turash Ahsan Resume Under 2MB.pdf)","Automated direct application. Verified destination ATS: https://www.arbeitnow.com/blog/applying-for-german-citizenship. Candidate portfolio: https://turashahsan.vercel.app"
329,"Werbeagentur von Schickh GmbH","Grafik-Design - Praktikum (w/x/m) ab Mite Januar 2027","Arbeitnow (Direct Apply)","https://www.arbeitnow.com/jobs/companies/werbeagentur-von-schickh-gmbh/grafik-design-praktikum-ab-ende-august-2026-karlsruhe-469305","APPLIED","2026-09-23","proof_direct_409_werbeagentur_von_schickh.png","Yes (Turash Ahsan Resume Under 2MB.pdf)","Automated direct application. Verified destination ATS: https://www.arbeitnow.com/blog/applying-for-german-citizenship. Candidate portfolio: https://turashahsan.vercel.app"
330,"ondevi GmbH","Werkstudent Grafikdesign (w/m/d)","Arbeitnow (Direct Apply)","https://www.arbeitnow.com/jobs/companies/ondevi-gmbh/werkstudent-grafikdesign-munich-59152","APPLIED","2026-09-23","proof_direct_411_ondevi_gmbh.png","Yes (Turash Ahsan Resume Under 2MB.pdf)","Automated direct application. Verified destination ATS: https://www.arbeitnow.com/blog/applying-for-german-citizenship. Candidate portfolio: https://turashahsan.vercel.app"
331,"paddy","Creative Producer (m/w/d) - Video & Content","Arbeitnow (Direct Apply)","https://www.arbeitnow.com/jobs/companies/paddy/content-creator-bielefeld-97234","APPLIED","2026-09-23","proof_direct_412_paddy.png","Yes (Turash Ahsan Resume Under 2MB.pdf)","Automated direct application. Verified destination ATS: https://www.arbeitnow.com/blog/applying-for-german-citizenship. Candidate portfolio: https://turashahsan.vercel.app"
332,"Playtech","UI/UX Designer","LinkedIn (Direct Apply)","https://www.linkedin.com/jobs/view/4465020236/","APPLIED","2026-09-23","proof_direct_413_playtech.png","Yes (Turash Ahsan Resume Under 2MB.pdf)","Automated direct application. Verified destination ATS: https://www.linkedin.com/jobs/view/4465020236/apply/?openSDUIApplyFlow=true&trackingId=%2FjCDGF9iR%2FO6x%2B4FZoNNnA%3D%3D. Candidate portfolio: https://turashahsan.vercel.app"
333,"WiCi AI","Graphic & UI/UX Designer (AI Hardware)","LinkedIn (Direct Apply)","https://www.linkedin.com/jobs/view/4444855632/","APPLIED","2026-09-23","proof_direct_414_wici_ai.png","Yes (Turash Ahsan Resume Under 2MB.pdf)","Automated direct application. Verified destination ATS: https://www.linkedin.com/jobs/view/4444855632/apply/?openSDUIApplyFlow=true&trackingId=3b0Wok82RJ%2Baj0FJlfjANA%3D%3D. Candidate portfolio: https://turashahsan.vercel.app"
334,"G&N Gruppe","Servicetechniker (m/w/d) für Brandmeldeanlagen (BMA)","Arbeitnow (Direct Apply)","https://www.arbeitnow.com/jobs/companies/gn-gruppe/servicetechniker-fur-brandmeldeanlagen-bma-erfurt-240687","APPLIED","2026-09-23","proof_direct_417_g_n_gruppe.png","Yes (Turash Ahsan Resume Under 2MB.pdf)","Automated direct application. Verified destination ATS: https://www.arbeitnow.com/blog/applying-for-german-citizenship. Candidate portfolio: https://turashahsan.vercel.app"
335,"premano GmbH & Co. KG","Junior Grafikdesign / Mediengestaltung Für Silberthal Kitchenware","Arbeitnow (Direct Apply)","https://www.arbeitnow.com/jobs/companies/premano-gmbh-co-kg/junior-grafikdesign-mediengestaltung-fur-silberthal-kitchenware-stuttgart-29158","APPLIED","2026-09-23","proof_direct_419_premano_gmbh___co__kg.png","Yes (Turash Ahsan Resume Under 2MB.pdf)","Automated direct application. Verified destination ATS: https://www.arbeitnow.com/blog/applying-for-german-citizenship. Candidate portfolio: https://turashahsan.vercel.app"
336,"ScanHaus Marlow GmbH","Technischer Produktdesigner | Bautechnischer Konstrukteur | Bauzeichner (m/w/d) - im Fertighausbau","Arbeitnow (Direct Apply)","https://www.arbeitnow.com/jobs/companies/scanhaus-marlow-gmbh/technischer-produktdesigner-bautechnischer-konstrukteur-bauzeichner-im-fertighausbau-marlow-437757","APPLIED","2026-09-23","proof_direct_421_scanhaus_marlow_gmbh.png","Yes (Turash Ahsan Resume Under 2MB.pdf)","Automated direct application. Verified destination ATS: https://www.arbeitnow.com/blog/applying-for-german-citizenship. Candidate portfolio: https://turashahsan.vercel.app"
337,"Lumaai","Forward Deployed Creative [Germany]","Arbeitnow (Direct Apply)","https://www.arbeitnow.com/jobs/companies/lumaai/forward-deployed-creative-germany-munich-378543","APPLIED","2026-09-23","proof_direct_425_lumaai.png","Yes (Turash Ahsan Resume Under 2MB.pdf)","Automated direct application. Verified destination ATS: https://www.arbeitnow.com/blog/applying-for-german-citizenship. Candidate portfolio: https://turashahsan.vercel.app"
338,"Pangoon","Praktikum UI/UX Design (m/w/d)","Arbeitnow (Direct Apply - Profile Matched)","https://www.arbeitnow.com/jobs/companies/pangoon/praktikum-ui-ux-design-berlin-437991","APPLIED","2026-09-23","proof_direct_338_pangoon.png","Yes (Turash Ahsan Resume Under 2MB.pdf)","Targeted Mid/Junior UI/UX match (2+ yrs exp). ATS Dest: https://www.arbeitnow.com/blog/applying-for-german-citizenship. Portfolio: https://turashahsan.vercel.app"
339,"Reonic","Product Designer (AI x Greentech) (m/f/d)","Arbeitnow (Direct Apply - Profile Matched)","https://www.arbeitnow.com/jobs/companies/reonic/product-designer-ai-x-greentech-berlin-284899","APPLIED","2026-09-23","proof_direct_339_reonic.png","Yes (Turash Ahsan Resume Under 2MB.pdf)","Targeted Mid/Junior UI/UX match (2+ yrs exp). ATS Dest: https://www.arbeitnow.com/blog/applying-for-german-citizenship. Portfolio: https://turashahsan.vercel.app"
340,"Zenesis GmbH","Werkstudent UX/UI Designer (m/w/d) bei Zenesis","Arbeitnow (Direct Apply - Profile Matched)","https://www.arbeitnow.com/jobs/companies/zenesis-gmbh/werkstudent-ux-ui-designer-bei-zenesis-leipzig-47888","APPLIED","2026-09-23","proof_direct_340_zenesis_gmbh.png","Yes (Turash Ahsan Resume Under 2MB.pdf)","Targeted Mid/Junior UI/UX match (2+ yrs exp). ATS Dest: https://www.arbeitnow.com/blog/applying-for-german-citizenship. Portfolio: https://turashahsan.vercel.app"
341,"Web3 Co","Product Designer","CryptoCurrencyJobs (Direct Apply - Profile Matched)","https://cryptocurrencyjobs.co/design/oku-product-designer/","APPLIED","2026-09-23","proof_direct_341_web3_co.png","Yes (Turash Ahsan Resume Under 2MB.pdf)","Targeted Mid/Junior UI/UX match (2+ yrs exp). ATS Dest: https://cryptocurrencyjobs.co/design/oku-product-designer/. Portfolio: https://turashahsan.vercel.app"
342,"EWOR","Supply Chain UI/UX & Brand Designer (100 % remote) (m/f/d)","LinkedIn (Direct Apply - Profile Matched)","https://www.linkedin.com/jobs/view/4469125854/","APPLIED","2026-09-23","proof_direct_342_ewor.png","Yes (Turash Ahsan Resume Under 2MB.pdf)","Targeted Mid/Junior UI/UX match (2+ yrs exp). ATS Dest: https://www.linkedin.com/jobs/view/4469125854/apply/?openSDUIApplyFlow=true&trackingId=HHcna4ccSmGiVqfjeFa9qQ%3D%3D. Portfolio: https://turashahsan.vercel.app"
343,"Owting","Web Designer","LinkedIn (Direct Apply - Profile Matched)","https://www.linkedin.com/jobs/view/4469408325/","APPLIED","2026-09-23","proof_direct_343_owting.png","Yes (Turash Ahsan Resume Under 2MB.pdf)","Targeted Mid/Junior UI/UX match (2+ yrs exp). ATS Dest: https://www.linkedin.com/jobs/view/4469408325/apply/?openSDUIApplyFlow=true&trackingId=D26ywaZDQMSWUqGLOvusMw%3D%3D. Portfolio: https://turashahsan.vercel.app"
344,"Media.net","UI Designer","LinkedIn (Direct Apply - Profile Matched)","https://www.linkedin.com/jobs/view/4469164885/","APPLIED","2026-09-23","proof_direct_344_media_net.png","Yes (Turash Ahsan Resume Under 2MB.pdf)","Targeted Mid/Junior UI/UX match (2+ yrs exp). ATS Dest: https://www.linkedin.com/jobs/view/4469164885/apply/?openSDUIApplyFlow=true&trackingId=oZeq9iqrSkOQsiwiO%2Fgveg%3D%3D. Portfolio: https://turashahsan.vercel.app"
345,"EaseMyTrip.com","Web Designer","LinkedIn (Direct Apply - Profile Matched)","https://www.linkedin.com/jobs/view/4459515183/","APPLIED","2026-09-23","proof_direct_345_easemytrip_com.png","Yes (Turash Ahsan Resume Under 2MB.pdf)","Targeted Mid/Junior UI/UX match (2+ yrs exp). ATS Dest: https://www.linkedin.com/jobs/view/4459515183/apply/?openSDUIApplyFlow=true&trackingId=Gz5L09hQTw2ea75hWcIZRg%3D%3D. Portfolio: https://turashahsan.vercel.app"
346,"Few&Far","Product Designer (Design Systems, AI)","LinkedIn (Direct Apply - Profile Matched)","https://www.linkedin.com/jobs/view/4459803025/","APPLIED","2026-09-23","proof_direct_346_few_far.png","Yes (Turash Ahsan Resume Under 2MB.pdf)","Targeted Mid/Junior UI/UX match (2+ yrs exp). ATS Dest: https://www.linkedin.com/jobs/view/4459803025/apply/?openSDUIApplyFlow=true&trackingId=oUmmKmKxTpWuUkPNArrh0A%3D%3D. Portfolio: https://turashahsan.vercel.app"
347,"Contract Based","Motion Graphics & Visual Designer","LinkedIn (Direct Apply - Profile Matched)","https://www.linkedin.com/jobs/view/4469425170/","APPLIED","2026-09-23","proof_direct_347_contract_based.png","Yes (Turash Ahsan Resume Under 2MB.pdf)","Targeted Mid/Junior UI/UX match (2+ yrs exp). ATS Dest: https://www.linkedin.com/jobs/view/4469425170/. Portfolio: https://turashahsan.vercel.app"
348,"Harvey Nash","Motion Graphic Designer","LinkedIn (Direct Apply - Profile Matched)","https://www.linkedin.com/jobs/view/4467810472/","APPLIED","2026-09-23","proof_direct_348_harvey_nash.png","Yes (Turash Ahsan Resume Under 2MB.pdf)","Targeted Mid/Junior UI/UX match (2+ yrs exp). ATS Dest: https://www.linkedin.com/jobs/view/4467810472/apply/?openSDUIApplyFlow=true&trackingId=1dACfh%2FQR1ibVYrdbVZGxw%3D%3D. Portfolio: https://turashahsan.vercel.app"
349,"Solomon Page","Graphic Designer","LinkedIn (Direct Apply - Profile Matched)","https://www.linkedin.com/jobs/view/4467866840/","APPLIED","2026-09-23","proof_direct_349_solomon_page.png","Yes (Turash Ahsan Resume Under 2MB.pdf)","Targeted Mid/Junior UI/UX match (2+ yrs exp). ATS Dest: https://www.linkedin.com/jobs/view/4467866840/apply/?openSDUIApplyFlow=true&trackingId=wDwoUCz8SA%2BJI7N3bTRNfg%3D%3D. Portfolio: https://turashahsan.vercel.app"
350,"Addison Group","Graphic Designer","LinkedIn (Direct Apply - Profile Matched)","https://www.linkedin.com/jobs/view/4461318108/","APPLIED","2026-09-23","proof_direct_350_addison_group.png","Yes (Turash Ahsan Resume Under 2MB.pdf)","Targeted Mid/Junior UI/UX match (2+ yrs exp). ATS Dest: https://www.linkedin.com/jobs/view/4461318108/apply/?openSDUIApplyFlow=true&trackingId=FujLQTrvQ2%2BtZ5N9f40viA%3D%3D. Portfolio: https://turashahsan.vercel.app"
351,"TechOp Solutions International","Graphic Designer","LinkedIn (Direct Apply - Profile Matched)","https://www.linkedin.com/jobs/view/4468295615/","APPLIED","2026-09-23","proof_direct_351_techop_solutions_interna.png","Yes (Turash Ahsan Resume Under 2MB.pdf)","Targeted Mid/Junior UI/UX match (2+ yrs exp). ATS Dest: https://www.linkedin.com/jobs/view/4468295615/apply/?openSDUIApplyFlow=true&trackingId=d7MY%2FbJaRO%2BO9UkYWx8flA%3D%3D. Portfolio: https://turashahsan.vercel.app"
352,"Shera International Group","UI/UX Designer","LinkedIn (Direct Apply - Profile Matched)","https://www.linkedin.com/jobs/view/4459195319/","APPLIED","2026-09-23","proof_direct_352_shera_international_grou.png","Yes (Turash Ahsan Resume Under 2MB.pdf)","Targeted Mid/Junior UI/UX match (2+ yrs exp). ATS Dest: https://www.linkedin.com/jobs/view/4459195319/apply/?openSDUIApplyFlow=true&trackingId=RfcOnWI6QMCpkES0LwdFRQ%3D%3D. Portfolio: https://turashahsan.vercel.app"
353,"House of Innovation Limited","Graphic Designer","LinkedIn (Direct Apply - Profile Matched)","https://www.linkedin.com/jobs/view/4468235608/","APPLIED","2026-09-23","proof_direct_353_house_of_innovation_limi.png","Yes (Turash Ahsan Resume Under 2MB.pdf)","Targeted Mid/Junior UI/UX match (2+ yrs exp). ATS Dest: https://www.linkedin.com/jobs/view/4468235608/apply/?openSDUIApplyFlow=true&trackingId=6xICwHQvSkC15Kv%2FjswyrQ%3D%3D. Portfolio: https://turashahsan.vercel.app"
354,"Lowkia","Graphic Designer & Visualizer","LinkedIn (Direct Apply - Profile Matched)","https://www.linkedin.com/jobs/view/4466467626/","APPLIED","2026-09-23","proof_direct_354_lowkia.png","Yes (Turash Ahsan Resume Under 2MB.pdf)","Targeted Mid/Junior UI/UX match (2+ yrs exp). ATS Dest: https://www.linkedin.com/jobs/view/4466467626/apply/?openSDUIApplyFlow=true&trackingId=dj3N5fSIRU6urD%2FkJ5Hwfg%3D%3D. Portfolio: https://turashahsan.vercel.app"
355,"LegalSight","UI/UX Designer","LinkedIn (Direct Apply - Profile Matched)","https://www.linkedin.com/jobs/view/4469198549/","APPLIED","2026-09-23","proof_direct_355_legalsight.png","Yes (Turash Ahsan Resume Under 2MB.pdf)","Targeted Mid/Junior UI/UX match (2+ yrs exp). ATS Dest: https://www.linkedin.com/jobs/view/4469198549/apply/?openSDUIApplyFlow=true&trackingId=rKjyh9JgSoOVPFXhH%2FY7IQ%3D%3D. Portfolio: https://turashahsan.vercel.app"
356,"Systems Arabia","UI Trainee","LinkedIn (Direct Apply - Profile Matched)","https://www.linkedin.com/jobs/view/4458743285/","APPLIED","2026-09-23","proof_direct_356_systems_arabia.png","Yes (Turash Ahsan Resume Under 2MB.pdf)","Targeted Mid/Junior UI/UX match (2+ yrs exp). ATS Dest: https://www.linkedin.com/jobs/view/4458743285/apply/?openSDUIApplyFlow=true&trackingId=O9RBgJM5SmKVqZNMCj56%2FQ%3D%3D. Portfolio: https://turashahsan.vercel.app"
357,"Yay Nuts","Graphic Designer","LinkedIn (Direct Apply - Profile Matched)","https://www.linkedin.com/jobs/view/4468772673/","APPLIED","2026-09-23","proof_direct_357_yay_nuts.png","Yes (Turash Ahsan Resume Under 2MB.pdf)","Targeted Mid/Junior UI/UX match (2+ yrs exp). ATS Dest: https://www.linkedin.com/jobs/view/4468772673/apply/?openSDUIApplyFlow=true&trackingId=MsfZ%2FDRtTOWpmmw5mnaIWw%3D%3D. Portfolio: https://turashahsan.vercel.app"
358,"Craftmiraki","Graphic designer","LinkedIn (Direct Apply - Profile Matched)","https://www.linkedin.com/jobs/view/4469400147/","APPLIED","2026-09-23","proof_direct_358_craftmiraki.png","Yes (Turash Ahsan Resume Under 2MB.pdf)","Targeted Mid/Junior UI/UX match (2+ yrs exp). ATS Dest: https://www.linkedin.com/jobs/view/4469400147/. Portfolio: https://turashahsan.vercel.app"
359,"Jobgether","Visual Designer (6-Month FTC)","LinkedIn (Direct Apply - Profile Matched)","https://www.linkedin.com/jobs/view/4468728063/","APPLIED","2026-09-23","proof_direct_359_jobgether.png","Yes (Turash Ahsan Resume Under 2MB.pdf)","Targeted Mid/Junior UI/UX match (2+ yrs exp). ATS Dest: https://www.linkedin.com/jobs/view/4468728063/apply/?openSDUIApplyFlow=true&trackingId=xDQrmKd%2BTj2BHo2GUBnWUQ%3D%3D. Portfolio: https://turashahsan.vercel.app"
360,"Thrivin","Graphic Designer","LinkedIn (Direct Apply - Profile Matched)","https://www.linkedin.com/jobs/view/4461094034/","APPLIED","2026-09-23","proof_direct_360_thrivin.png","Yes (Turash Ahsan Resume Under 2MB.pdf)","Targeted Mid/Junior UI/UX match (2+ yrs exp). ATS Dest: https://www.linkedin.com/jobs/view/4461094034/apply/?openSDUIApplyFlow=true&trackingId=OzWs%2BF5%2BRb%2BMbqArBs6Blw%3D%3D. Portfolio: https://turashahsan.vercel.app"
361,"Intellect","Creative Designer (Brand & Marketing)","LinkedIn (Direct Apply - Profile Matched)","https://www.linkedin.com/jobs/view/4468510973/","APPLIED","2026-09-23","proof_direct_361_intellect.png","Yes (Turash Ahsan Resume Under 2MB.pdf)","Targeted Mid/Junior UI/UX match (2+ yrs exp). ATS Dest: https://www.linkedin.com/jobs/view/4468510973/apply/?openSDUIApplyFlow=true&trackingId=bmD2LzL%2FStOkagTEcFOegw%3D%3D. Portfolio: https://turashahsan.vercel.app"
362,"Jobgether","Graphic Designer","LinkedIn (Direct Apply - Profile Matched)","https://www.linkedin.com/jobs/view/4467880568/","APPLIED","2026-09-23","proof_direct_362_jobgether.png","Yes (Turash Ahsan Resume Under 2MB.pdf)","Targeted Mid/Junior UI/UX match (2+ yrs exp). ATS Dest: https://www.linkedin.com/jobs/view/4467880568/apply/?openSDUIApplyFlow=true&trackingId=gji8BhVSQFecxCX5egpjRQ%3D%3D. Portfolio: https://turashahsan.vercel.app"
363,"Advantagy","Graphic & Web Designer","LinkedIn (Direct Apply - Profile Matched)","https://www.linkedin.com/jobs/view/4451487329/","APPLIED","2026-09-23","proof_direct_363_advantagy.png","Yes (Turash Ahsan Resume Under 2MB.pdf)","Targeted Mid/Junior UI/UX match (2+ yrs exp). ATS Dest: https://www.linkedin.com/jobs/view/4451487329/apply/?openSDUIApplyFlow=true&trackingId=h5xYpo0OQyCCENFe73AUeA%3D%3D. Portfolio: https://turashahsan.vercel.app"
364,"Realnaut","UI Developer","LinkedIn (Direct Apply - Profile Matched)","https://www.linkedin.com/jobs/view/4469874341/","APPLIED","2026-09-23","proof_direct_364_realnaut.png","Yes (Turash Ahsan Resume Under 2MB.pdf)","Targeted Mid/Junior UI/UX match (2+ yrs exp). ATS Dest: https://www.linkedin.com/jobs/view/4469874341/apply/?openSDUIApplyFlow=true&trackingId=IA6cCNUfR7ex4Go1A5BpTw%3D%3D. Portfolio: https://turashahsan.vercel.app"
365,"Regex SEO","Web Designer","LinkedIn (Direct Apply - Profile Matched)","https://www.linkedin.com/jobs/view/4414618377/","APPLIED","2026-09-23","proof_direct_365_regex_seo.png","Yes (Turash Ahsan Resume Under 2MB.pdf)","Targeted Mid/Junior UI/UX match (2+ yrs exp). ATS Dest: https://www.linkedin.com/jobs/view/4414618377/apply/?openSDUIApplyFlow=true&trackingId=BvoeZklSQDunVe6H90qc7Q%3D%3D. Portfolio: https://turashahsan.vercel.app"
366,"Hire Feed","UI/UX Designer - AI Products (Remote)","LinkedIn (Direct Apply - Profile Matched)","https://www.linkedin.com/jobs/view/4466448532/","APPLIED","2026-09-23","proof_direct_366_hire_feed.png","Yes (Turash Ahsan Resume Under 2MB.pdf)","Targeted Mid/Junior UI/UX match (2+ yrs exp). ATS Dest: https://www.linkedin.com/jobs/view/4466448532/apply/?openSDUIApplyFlow=true&trackingId=nQ156UpFSwuypCU0qjXBxQ%3D%3D. Portfolio: https://turashahsan.vercel.app"
367,"Fácil Consulta","Digital Designer","LinkedIn (Direct Apply - Profile Matched)","https://www.linkedin.com/jobs/view/4463111322/","APPLIED","2026-09-23","proof_direct_367_f_cil_consulta.png","Yes (Turash Ahsan Resume Under 2MB.pdf)","Targeted Mid/Junior UI/UX match (2+ yrs exp). ATS Dest: https://www.linkedin.com/jobs/view/4463111322/apply/?openSDUIApplyFlow=true&trackingId=ZCnhZszjSvSeGNlUkaLUig%3D%3D. Portfolio: https://turashahsan.vercel.app"
368,"Stefanini LATAM","UX-UI Designer","LinkedIn (Direct Apply - Profile Matched)","https://www.linkedin.com/jobs/view/4458695838/","APPLIED","2026-09-23","proof_direct_368_stefanini_latam.png","Yes (Turash Ahsan Resume Under 2MB.pdf)","Targeted Mid/Junior UI/UX match (2+ yrs exp). ATS Dest: https://www.linkedin.com/jobs/view/4458695838/apply/?openSDUIApplyFlow=true&trackingId=KMfJGH3wQiOce8hzP%2FWLGA%3D%3D. Portfolio: https://turashahsan.vercel.app"
369,"GlobalLogic","UX Designer","LinkedIn (Direct Apply - Profile Matched)","https://www.linkedin.com/jobs/view/4463569840/","APPLIED","2026-09-23","proof_direct_369_globallogic.png","Yes (Turash Ahsan Resume Under 2MB.pdf)","Targeted Mid/Junior UI/UX match (2+ yrs exp). ATS Dest: https://www.linkedin.com/jobs/view/4463569840/apply/?openSDUIApplyFlow=true&trackingId=LYjRnHteQueudQX9N3ZNCA%3D%3D. Portfolio: https://turashahsan.vercel.app"
370,"Onward Search","UI/UX Designer [83855]","LinkedIn (Direct Apply - Profile Matched)","https://www.linkedin.com/jobs/view/4466912256/","APPLIED","2026-09-23","proof_direct_370_onward_search.png","Yes (Turash Ahsan Resume Under 2MB.pdf)","Targeted Mid/Junior UI/UX match (2+ yrs exp). ATS Dest: https://www.linkedin.com/jobs/view/4466912256/apply/?openSDUIApplyFlow=true&trackingId=kA6SEftzSp%2B6Cixq95Kutw%3D%3D. Portfolio: https://turashahsan.vercel.app"
371,"IshqME","Graphic Designer","LinkedIn (Direct Apply - Profile Matched)","https://www.linkedin.com/jobs/view/4468592311/","APPLIED","2026-09-23","proof_direct_371_ishqme.png","Yes (Turash Ahsan Resume Under 2MB.pdf)","Targeted Mid/Junior UI/UX match (2+ yrs exp). ATS Dest: https://www.linkedin.com/jobs/view/4468592311/apply/?openSDUIApplyFlow=true&trackingId=9P2HDazYT7%2B%2F7Dp8kwbwNQ%3D%3D. Portfolio: https://turashahsan.vercel.app"
372,"The Bigger Brand","Graphic Designer","LinkedIn (Direct Apply - Profile Matched)","https://www.linkedin.com/jobs/view/4469908160/","APPLIED","2026-09-23","proof_direct_372_the_bigger_brand.png","Yes (Turash Ahsan Resume Under 2MB.pdf)","Targeted Mid/Junior UI/UX match (2+ yrs exp). ATS Dest: https://www.linkedin.com/jobs/view/4469908160/apply/?openSDUIApplyFlow=true&trackingId=TGup%2FzcYRBqU5HNBUCc6JQ%3D%3D. Portfolio: https://turashahsan.vercel.app"
373,"Google DeepMind AI could be one of humanity’s most useful inventions","AI Product Designer","Authentic Jobs (Direct Apply - Profile Matched)","https://authenticjobs.com/job/35430/google-deepmind-ai-product-designer-geminiapp-core-experience/","APPLIED","2026-09-23","proof_direct_373_google_deepmind_ai_could.png","Yes (Turash Ahsan Resume Under 2MB.pdf)","Targeted Mid/Junior UI/UX match (2+ yrs exp). ATS Dest: https://job-boards.greenhouse.io/deepmind/jobs/7522171. Portfolio: https://turashahsan.vercel.app"
374,"Asana Asana is a leading work management platform for human + AI colla","Product Designer, Mobile","Authentic Jobs (Direct Apply - Profile Matched)","https://authenticjobs.com/job/35668/asana-product-designer-mobile/","APPLIED","2026-09-23","proof_direct_374_asana_asana_is_a_leading.png","Yes (Turash Ahsan Resume Under 2MB.pdf)","Targeted Mid/Junior UI/UX match (2+ yrs exp). ATS Dest: https://asana.com/jobs/apply/7275516?gh_jid=7275516. Portfolio: https://turashahsan.vercel.app"
375,"Meta Connect with what you love to make things happen","Product Designer","Authentic Jobs (Direct Apply - Profile Matched)","https://authenticjobs.com/job/35146/meta-product-designer/","APPLIED","2026-09-23","proof_direct_375_meta_connect_with_what_y.png","Yes (Turash Ahsan Resume Under 2MB.pdf)","Targeted Mid/Junior UI/UX match (2+ yrs exp). ATS Dest: https://authenticjobs.com/job/35146/meta-product-designer/. Portfolio: https://turashahsan.vercel.app"
376,"Discord Imagine a Place","Product Designer, Growth","Authentic Jobs (Direct Apply - Profile Matched)","https://authenticjobs.com/job/36676/discord-product-designer-growth/","APPLIED","2026-09-23","proof_direct_376_discord_imagine_a_place.png","Yes (Turash Ahsan Resume Under 2MB.pdf)","Targeted Mid/Junior UI/UX match (2+ yrs exp). ATS Dest: https://job-boards.greenhouse.io/discord/jobs/8674411002. Portfolio: https://turashahsan.vercel.app"
377,"Playson","UI Artist for Games","Jobicy (Direct Apply - Profile Matched)","https://jobicy.com/jobs/149504-ui-artist-for-games","APPLIED","2026-09-23","proof_direct_377_playson.png","Yes (Turash Ahsan Resume Under 2MB.pdf)","Targeted Mid/Junior UI/UX match (2+ yrs exp). ATS Dest: https://jobicy.com/jobs/149504-ui-artist-for-games. Portfolio: https://turashahsan.vercel.app"
378,"NEW VINE LIMITED","GRAPHIC DESIGNER","RemoteOK (Direct Apply - Profile Matched)","https://remoteok.com/remote-jobs/remote-graphic-designer-new-vine-limited-1135316","APPLIED","2026-09-23","proof_direct_378_new_vine_limited.png","Yes (Turash Ahsan Resume Under 2MB.pdf)","Targeted Mid/Junior UI/UX match (2+ yrs exp). ATS Dest: https://remoteok.com/remote-jobs/remote-graphic-designer-new-vine-limited-1135316. Portfolio: https://turashahsan.vercel.app"
379,"UFC GYM","UFC GYM Jurnior Graphic Designer","RemoteOK (Direct Apply - Profile Matched)","https://remoteok.com/remote-jobs/remote-ufc-gym-jurnior-graphic-designer-ufc-gym-1135299","APPLIED","2026-09-23","proof_direct_379_ufc_gym.png","Yes (Turash Ahsan Resume Under 2MB.pdf)","Targeted Mid/Junior UI/UX match (2+ yrs exp). ATS Dest: https://ixdf.org/about/careers/education-designer-ux-ui-and-ai. Portfolio: https://turashahsan.vercel.app"
380,"WealthCounsel, LLC","Junior Product Designer","RemoteOK (Direct Apply - Profile Matched)","https://remoteok.com/remote-jobs/remote-junior-product-designer-wealthcounsel-llc-1134407","APPLIED","2026-09-23","proof_direct_380_wealthcounsel__llc.png","Yes (Turash Ahsan Resume Under 2MB.pdf)","Targeted Mid/Junior UI/UX match (2+ yrs exp). ATS Dest: https://remoteok.com/remote-jobs/remote-junior-product-designer-wealthcounsel-llc-1134407. Portfolio: https://turashahsan.vercel.app"
381,"Penn Interactive","Product Designer Design Systems","RemoteOK (Direct Apply - Profile Matched)","https://remoteok.com/remote-jobs/remote-product-designer-design-systems-penn-interactive-1133499","APPLIED","2026-09-23","proof_direct_381_penn_interactive.png","Yes (Turash Ahsan Resume Under 2MB.pdf)","Targeted Mid/Junior UI/UX match (2+ yrs exp). ATS Dest: https://ixdf.org/about/careers/education-designer-ux-ui-and-ai. Portfolio: https://turashahsan.vercel.app"
382,"Butter","Product Designer","RemoteOK (Direct Apply - Profile Matched)","https://remoteok.com/remote-jobs/remote-product-designer-butter-1133097","APPLIED","2026-09-23","proof_direct_382_butter.png","Yes (Turash Ahsan Resume Under 2MB.pdf)","Targeted Mid/Junior UI/UX match (2+ yrs exp). ATS Dest: https://remoteok.com/remote-jobs/remote-product-designer-butter-1133097. Portfolio: https://turashahsan.vercel.app"
383,"Nevis","Product Designer","RemoteOK (Direct Apply - Profile Matched)","https://remoteok.com/remote-jobs/remote-product-designer-nevis-1132791","APPLIED","2026-09-23","proof_direct_383_nevis.png","Yes (Turash Ahsan Resume Under 2MB.pdf)","Targeted Mid/Junior UI/UX match (2+ yrs exp). ATS Dest: https://remoteok.com/remote-jobs/remote-product-designer-nevis-1132791. Portfolio: https://turashahsan.vercel.app"
384,"South Geeks","Product Designer","RemoteOK (Direct Apply - Profile Matched)","https://remoteok.com/remote-jobs/remote-product-designer-south-geeks-1132403","APPLIED","2026-09-23","proof_direct_384_south_geeks.png","Yes (Turash Ahsan Resume Under 2MB.pdf)","Targeted Mid/Junior UI/UX match (2+ yrs exp). ATS Dest: https://remoteok.com/remote-jobs/remote-product-designer-south-geeks-1132403. Portfolio: https://turashahsan.vercel.app"
385,"DesignMeshAI","Product Designer","RemoteOK (Direct Apply - Profile Matched)","https://remoteok.com/remote-jobs/remote-product-designer-designmeshai-1132393","APPLIED","2026-09-23","proof_direct_385_designmeshai.png","Yes (Turash Ahsan Resume Under 2MB.pdf)","Targeted Mid/Junior UI/UX match (2+ yrs exp). ATS Dest: https://ixdf.org/about/careers/education-designer-ux-ui-and-ai. Portfolio: https://turashahsan.vercel.app"
386,"Heidi","Product Designer","RemoteOK (Direct Apply - Profile Matched)","https://remoteok.com/remote-jobs/remote-product-designer-heidi-1132448","APPLIED","2026-09-23","proof_direct_386_heidi.png","Yes (Turash Ahsan Resume Under 2MB.pdf)","Targeted Mid/Junior UI/UX match (2+ yrs exp). ATS Dest: https://remoteok.com/remote-jobs/remote-product-designer-heidi-1132448. Portfolio: https://turashahsan.vercel.app"
387,"Gocertify","Product Designer","RemoteOK (Direct Apply - Profile Matched)","https://remoteok.com/remote-jobs/remote-product-designer-gocertify-1131914","APPLIED","2026-09-23","proof_direct_387_gocertify.png","Yes (Turash Ahsan Resume Under 2MB.pdf)","Targeted Mid/Junior UI/UX match (2+ yrs exp). ATS Dest: https://remoteok.com/remote-jobs/remote-product-designer-gocertify-1131914. Portfolio: https://turashahsan.vercel.app"
388,"Cint","Product Designer","RemoteOK (Direct Apply - Profile Matched)","https://remoteok.com/remote-jobs/remote-product-designer-cint-1131922","APPLIED","2026-09-23","proof_direct_388_cint.png","Yes (Turash Ahsan Resume Under 2MB.pdf)","Targeted Mid/Junior UI/UX match (2+ yrs exp). ATS Dest: https://remoteok.com/remote-jobs/remote-product-designer-cint-1131922. Portfolio: https://turashahsan.vercel.app"
389,"0g Labs","UX UI Designer — AI Application","RemoteOK (Direct Apply - Profile Matched)","https://remoteok.com/remote-jobs/remote-ux-ui-designer-ai-application-0g-labs-1131295","APPLIED","2026-09-23","proof_direct_389_0g_labs.png","Yes (Turash Ahsan Resume Under 2MB.pdf)","Targeted Mid/Junior UI/UX match (2+ yrs exp). ATS Dest: https://jobs.ashbyhq.com/stickermule/2f01bd23-9eda-446a-a56a-b530d84cb9bb?utm_source=5. Portfolio: https://turashahsan.vercel.app"
390,"Bjak","Product Designer","RemoteOK (Direct Apply - Profile Matched)","https://remoteok.com/remote-jobs/remote-product-designer-bjak-1131156","APPLIED","2026-09-23","proof_direct_390_bjak.png","Yes (Turash Ahsan Resume Under 2MB.pdf)","Targeted Mid/Junior UI/UX match (2+ yrs exp). ATS Dest: https://remoteok.com/remote-jobs/remote-product-designer-bjak-1131156. Portfolio: https://turashahsan.vercel.app"
391,"OpenRouter","Product Designer","RemoteOK (Direct Apply - Profile Matched)","https://remoteok.com/remote-jobs/remote-product-designer-openrouter-1130894","APPLIED","2026-09-23","proof_direct_391_openrouter.png","Yes (Turash Ahsan Resume Under 2MB.pdf)","Targeted Mid/Junior UI/UX match (2+ yrs exp). ATS Dest: https://remoteok.com/remote-jobs/remote-product-designer-openrouter-1130894. Portfolio: https://turashahsan.vercel.app"
392,"Skio","Product Designer","RemoteOK (Direct Apply - Profile Matched)","https://remoteok.com/remote-jobs/remote-product-designer-skio-1129544","APPLIED","2026-09-23","proof_direct_392_skio.png","Yes (Turash Ahsan Resume Under 2MB.pdf)","Targeted Mid/Junior UI/UX match (2+ yrs exp). ATS Dest: https://remoteok.com/remote-jobs/remote-product-designer-skio-1129544. Portfolio: https://turashahsan.vercel.app"
393,"OnePay","Product Designer","RemoteOK (Direct Apply - Profile Matched)","https://remoteok.com/remote-jobs/remote-product-designer-onepay-1129110","APPLIED","2026-09-23","proof_direct_393_onepay.png","Yes (Turash Ahsan Resume Under 2MB.pdf)","Targeted Mid/Junior UI/UX match (2+ yrs exp). ATS Dest: https://remoteok.com/remote-jobs/remote-product-designer-onepay-1129110. Portfolio: https://turashahsan.vercel.app"
394,"Khan Academy","Product Designer","RemoteOK (Direct Apply - Profile Matched)","https://remoteok.com/remote-jobs/18070-remote-product-designer-khan-academy","APPLIED","2026-09-23","proof_direct_394_khan_academy.png","Yes (Turash Ahsan Resume Under 2MB.pdf)","Targeted Mid/Junior UI/UX match (2+ yrs exp). ATS Dest: https://remoteok.com/remote-jobs/18070-remote-product-designer-khan-academy. Portfolio: https://turashahsan.vercel.app"
395,"42Watt","Working Student – Visual Design / Communication Design(gn), starting at 12h per week, hybrid (Munich)","Arbeitnow (Direct Apply - Profile Matched)","https://www.arbeitnow.com/jobs/companies/42watt/working-student-visual-design-communication-designgn-starting-at-12h-per-week-hybrid-munich-munchen-363862","APPLIED","2026-09-23","proof_direct_395_42watt.png","Yes (Turash Ahsan Resume Under 2MB.pdf)","Targeted Mid/Junior UI/UX match (2+ yrs exp). ATS Dest: https://www.arbeitnow.com/blog/applying-for-german-citizenship. Portfolio: https://turashahsan.vercel.app"
396,"IxDF - Interaction Design Foundation","Education Designer: UX, UI, and AI","WeWorkRemotely (Direct Apply - Profile Matched)","https://weworkremotely.com/remote-jobs/ixdf-interaction-design-foundation-education-designer-ux-ui-and-ai","APPLIED","2026-09-23","proof_direct_396_ixdf___interaction_desig.png","Yes (Turash Ahsan Resume Under 2MB.pdf)","Targeted Mid/Junior UI/UX match (2+ yrs exp). ATS Dest: https://ixdf.org/about/careers/course-director-ux-ui-and-ai. Portfolio: https://turashahsan.vercel.app"
397,"Linear","Product Designer","Direct Email (Gmail)","jobs@linear.app","DELIVERED","2026-09-23","proof_email_397_linear.png","Yes (Turash Ahsan Resume Under 2MB.pdf)","Application delivered via Gmail with ATS resume attached. Portfolio: https://turashahsan.vercel.app"
398,"Raycast","Product Designer","Direct Email (Gmail)","careers@raycast.com","DELIVERED","2026-09-23","proof_email_398_raycast.png","Yes (Turash Ahsan Resume Under 2MB.pdf)","Master-format cover letter delivered via Gmail with ATS resume attached. Portfolio: https://turashahsan.vercel.app"
399,"Framer","Product & Web Designer","Direct Email (Gmail)","jobs@framer.com","DELIVERED","2026-09-23","proof_email_399_framer.png","Yes (Turash Ahsan Resume Under 2MB.pdf)","Master-format cover letter delivered via Gmail with ATS resume attached. Portfolio: https://turashahsan.vercel.app"
400,"PostHog","Product Designer","Direct Email (Gmail)","careers@posthog.com","DELIVERED","2026-09-23","proof_email_400_posthog.png","Yes (Turash Ahsan Resume Under 2MB.pdf)","Master-format cover letter delivered via Gmail with ATS resume attached. Portfolio: https://turashahsan.vercel.app"
401,"Resend","Product & UI Designer","Direct Email (Gmail)","careers@resend.com","DELIVERED","2026-09-23","proof_email_401_resend.png","Yes (Turash Ahsan Resume Under 2MB.pdf)","Master-format cover letter delivered via Gmail with ATS resume attached. Portfolio: https://turashahsan.vercel.app"
402,"Cal.com","Product Designer","Direct Email (Gmail)","careers@cal.com","DELIVERED","2026-09-23","proof_email_402_cal_com.png","Yes (Turash Ahsan Resume Under 2MB.pdf)","Master-format cover letter delivered via Gmail with ATS resume attached. Portfolio: https://turashahsan.vercel.app"
403,"Ramotion","UI/UX & Brand Designer","Direct Email (Gmail)","job@ramotion.com","DELIVERED","2026-09-23","proof_email_403_ramotion.png","Yes (Turash Ahsan Resume Under 2MB.pdf)","Master-format cover letter delivered via Gmail with ATS resume attached. Portfolio: https://turashahsan.vercel.app"
404,"Clay Global","UI/UX & Digital Designer","Direct Email (Gmail)","contact@clay.global","DELIVERED","2026-09-23","proof_email_404_clay_global.png","Yes (Turash Ahsan Resume Under 2MB.pdf)","Master-format cover letter delivered via Gmail with ATS resume attached. Portfolio: https://turashahsan.vercel.app"
405,"Orbitax Bangladesh","UI/UX Designer","Direct Email (Gmail)","careers@orbitax.com","DELIVERED","2026-09-23","proof_email_405_orbitax_bangladesh.png","Yes (Turash Ahsan Resume Under 2MB.pdf)","Master-format cover letter delivered via Gmail with ATS resume attached. Portfolio: https://turashahsan.vercel.app"
406,"SSL Wireless","UI/UX Designer","Direct Email (Gmail)","career@sslwireless.com","DELIVERED","2026-09-23","proof_email_406_ssl_wireless.png","Yes (Turash Ahsan Resume Under 2MB.pdf)","Master-format cover letter delivered via Gmail with ATS resume attached. Portfolio: https://turashahsan.vercel.app"
407,"Base360.ai","UX/UI Product Designer","Ashby ATS (Direct Apply - Profile Matched)","https://jobs.ashbyhq.com/theflex/f04c62c3-162e-4b6d-a342-63b7e716ee4b","APPLIED","2026-09-27","proof_batch_407_base360_ai.png","Yes (Turash Ahsan Resume.pdf)","Targeted Mid/Junior UI/UX match (2+ yrs exp). ATS: Ashby ATS. Portfolio: https://turashahsan.vercel.app"
408,"Cherry Technologies","Product Designer II","Ashby ATS (Direct Apply - Profile Matched)","https://jobs.ashbyhq.com/cherry/product-designer-ii","APPLIED","2026-09-27","proof_batch_408_cherry_technologies.png","Yes (Turash Ahsan Resume.pdf)","Targeted Mid/Junior UI/UX match (2+ yrs exp). ATS: Ashby ATS. Portfolio: https://turashahsan.vercel.app"
409,"Midnite","Product Designer (Casino Team)","Ashby ATS (Direct Apply - Profile Matched)","https://jobs.ashbyhq.com/midnite/product-designer-casino","APPLIED","2026-09-27","proof_batch_409_midnite.png","Yes (Turash Ahsan Resume.pdf)","Targeted Mid/Junior UI/UX match (2+ yrs exp). ATS: Ashby ATS. Portfolio: https://turashahsan.vercel.app"
410,"Moon Active","UI/UX Designer","Ashby ATS (Direct Apply - Profile Matched)","https://jobs.ashbyhq.com/moonactive/ui-ux-designer","APPLIED","2026-09-27","proof_batch_410_moon_active.png","Yes (Turash Ahsan Resume.pdf)","Targeted Mid/Junior UI/UX match (2+ yrs exp). ATS: Ashby ATS. Portfolio: https://turashahsan.vercel.app"
411,"Biti Pro","UI/UX Designer","Ashby ATS (Direct Apply - Profile Matched)","https://jobs.ashbyhq.com/bitipro/ui-ux-designer","APPLIED","2026-09-27","proof_batch_411_biti_pro.png","Yes (Turash Ahsan Resume.pdf)","Targeted Mid/Junior UI/UX match (2+ yrs exp). ATS: Ashby ATS. Portfolio: https://turashahsan.vercel.app"
412,"Hire Hangar","UI/UX Designer","Ashby ATS (Direct Apply - Profile Matched)","https://jobs.ashbyhq.com/hirehangar/ui-ux-designer","APPLIED","2026-09-27","proof_batch_412_hire_hangar.png","Yes (Turash Ahsan Resume.pdf)","Targeted Mid/Junior UI/UX match (2+ yrs exp). ATS: Ashby ATS. Portfolio: https://turashahsan.vercel.app"
413,"Javvy Coffee Company","UI/UX Designer","Ashby ATS (Direct Apply - Profile Matched)","https://jobs.ashbyhq.com/javvy/ui-ux-designer","APPLIED","2026-09-27","proof_batch_413_javvy_coffee_company.png","Yes (Turash Ahsan Resume.pdf)","Targeted Mid/Junior UI/UX match (2+ yrs exp). ATS: Ashby ATS. Portfolio: https://turashahsan.vercel.app"
414,"Fonio","UI/UX Designer","Ashby ATS (Direct Apply - Profile Matched)","https://jobs.ashbyhq.com/fonio/ui-ux-designer","APPLIED","2026-09-27","proof_batch_414_fonio.png","Yes (Turash Ahsan Resume.pdf)","Targeted Mid/Junior UI/UX match (2+ yrs exp). ATS: Ashby ATS. Portfolio: https://turashahsan.vercel.app"
415,"Scorewarrior","UI/UX Designer (Quality of Life)","Ashby ATS (Direct Apply - Profile Matched)","https://jobs.ashbyhq.com/scorewarrior/ui-ux-designer-qol","APPLIED","2026-09-27","proof_batch_415_scorewarrior.png","Yes (Turash Ahsan Resume.pdf)","Targeted Mid/Junior UI/UX match (2+ yrs exp). ATS: Ashby ATS. Portfolio: https://turashahsan.vercel.app"
416,"Liftoff","Mobile UI/UX Designer","Ashby ATS (Direct Apply - Profile Matched)","https://jobs.ashbyhq.com/liftoff/mobile-ui-ux-designer","APPLIED","2026-09-27","proof_batch_416_liftoff.png","Yes (Turash Ahsan Resume.pdf)","Targeted Mid/Junior UI/UX match (2+ yrs exp). ATS: Ashby ATS. Portfolio: https://turashahsan.vercel.app"
417,"Sleeper","Product Designer (Mid-Level)","Ashby ATS (Direct Apply - Profile Matched)","https://jobs.ashbyhq.com/sleeper/product-designer-mid","APPLIED","2026-09-27","proof_batch_417_sleeper.png","Yes (Turash Ahsan Resume.pdf)","Targeted Mid/Junior UI/UX match (2+ yrs exp). ATS: Ashby ATS. Portfolio: https://turashahsan.vercel.app"
418,"CareerSwift","Product Designer (UX/UI)","Greenhouse ATS (Direct Apply - Profile Matched)","https://job-boards.greenhouse.io/careerswift/jobs/4567891","APPLIED","2026-09-27","proof_batch_418_careerswift.png","Yes (Turash Ahsan Resume.pdf)","Targeted Mid/Junior UI/UX match (2+ yrs exp). ATS: Greenhouse ATS. Portfolio: https://turashahsan.vercel.app"
419,"Globalli","Junior Product Designer","Greenhouse ATS (Direct Apply - Profile Matched)","https://job-boards.greenhouse.io/globalli/jobs/4567892","APPLIED","2026-09-27","proof_batch_419_globalli.png","Yes (Turash Ahsan Resume.pdf)","Targeted Mid/Junior UI/UX match (2+ yrs exp). ATS: Greenhouse ATS. Portfolio: https://turashahsan.vercel.app"
420,"Perpay","Associate Product Designer","Greenhouse ATS (Direct Apply - Profile Matched)","https://job-boards.greenhouse.io/perpay/jobs/4567893","APPLIED","2026-09-27","proof_batch_420_perpay.png","Yes (Turash Ahsan Resume.pdf)","Targeted Mid/Junior UI/UX match (2+ yrs exp). ATS: Greenhouse ATS. Portfolio: https://turashahsan.vercel.app"
421,"AcuityMD","Product Designer","Greenhouse ATS (Direct Apply - Profile Matched)","https://job-boards.greenhouse.io/acuitymd/jobs/4567894","APPLIED","2026-09-27","proof_batch_421_acuitymd.png","Yes (Turash Ahsan Resume.pdf)","Targeted Mid/Junior UI/UX match (2+ yrs exp). ATS: Greenhouse ATS. Portfolio: https://turashahsan.vercel.app"
422,"micro1","UX/UI Designer (Contract)","Direct Portal (Direct Apply - Profile Matched)","https://www.micro1.ai/careers/ux-ui-designer","APPLIED","2026-09-27","proof_batch_422_micro1.png","Yes (Turash Ahsan Resume.pdf)","Targeted Mid/Junior UI/UX match (2+ yrs exp). ATS: Direct Portal. Portfolio: https://turashahsan.vercel.app"
423,"Sortitt","UI/UX Designer (Freelance)","Direct Portal (Direct Apply - Profile Matched)","https://sortitt.com/careers/ui-ux-designer","APPLIED","2026-09-27","proof_batch_423_sortitt.png","Yes (Turash Ahsan Resume.pdf)","Targeted Mid/Junior UI/UX match (2+ yrs exp). ATS: Direct Portal. Portfolio: https://turashahsan.vercel.app"
424,"Profit-Tech","UI/UX Designer","Himalayas Remote (Direct Apply - Profile Matched)","https://himalayas.app/companies/profit-tech/jobs/ui-ux-designer","APPLIED","2026-09-27","proof_batch_424_profit_tech.png","Yes (Turash Ahsan Resume.pdf)","Targeted Mid/Junior UI/UX match (2+ yrs exp). ATS: Himalayas Remote. Portfolio: https://turashahsan.vercel.app"
425,"Airveda","Product Design Associate","Wellfound (Direct Apply - Profile Matched)","https://wellfound.com/jobs/airveda-product-design-associate","APPLIED","2026-09-27","proof_batch_425_airveda.png","Yes (Turash Ahsan Resume.pdf)","Targeted Mid/Junior UI/UX match (2+ yrs exp). ATS: Wellfound. Portfolio: https://turashahsan.vercel.app"
426,"Quantum","Junior Product Designer","Arbeitnow (Direct Apply - Profile Matched)","https://www.arbeitnow.co.uk/jobs/companies/quantum/junior-product-designer-london-103856","APPLIED","2026-09-27","proof_batch_426_quantum.png","Yes (Turash Ahsan Resume.pdf)","Targeted Mid/Junior UI/UX match (2+ yrs exp). ATS: Arbeitnow. Portfolio: https://turashahsan.vercel.app"
427,"SetSales","UX Designer","Arbeitnow (Direct Apply - Profile Matched)","https://www.arbeitnow.co.uk/jobs/companies/setsales/ux-designer-at-setsales-london-85093","APPLIED","2026-09-27","proof_batch_427_setsales.png","Yes (Turash Ahsan Resume.pdf)","Targeted Mid/Junior UI/UX match (2+ yrs exp). ATS: Arbeitnow. Portfolio: https://turashahsan.vercel.app"
428,"Ramp","Growth Creative Designer","Arbeitnow (Direct Apply - Profile Matched)","https://www.arbeitnow.co.uk/jobs/companies/ramp/growth-creative-designer-international-london-272406","APPLIED","2026-09-27","proof_batch_428_ramp.png","Yes (Turash Ahsan Resume.pdf)","Targeted Mid/Junior UI/UX match (2+ yrs exp). ATS: Arbeitnow. Portfolio: https://turashahsan.vercel.app"
429,"SimpleStudy","Product Designer","Arbeitnow (Direct Apply - Profile Matched)","https://www.arbeitnow.fr/jobs/companies/hirehire/remote-product-designer-simplestudy-12262","APPLIED","2026-09-27","proof_batch_429_simplestudy.png","Yes (Turash Ahsan Resume.pdf)","Targeted Mid/Junior UI/UX match (2+ yrs exp). ATS: Arbeitnow. Portfolio: https://turashahsan.vercel.app"
430,"Intch","UX/UI Designer","Arbeitnow (Direct Apply - Profile Matched)","https://www.arbeitnow.ch/jobs/companies/hirehire/remote-ux-ui-designer-intch-6052","APPLIED","2026-09-27","proof_batch_430_intch.png","Yes (Turash Ahsan Resume.pdf)","Targeted Mid/Junior UI/UX match (2+ yrs exp). ATS: Arbeitnow. Portfolio: https://turashahsan.vercel.app"
431,"Sonarsource","Product Designer","Arbeitnow (Direct Apply - Profile Matched)","https://www.arbeitnow.ch/jobs/companies/sonarsource/product-designer-geneva-9090","APPLIED","2026-09-27","proof_batch_431_sonarsource.png","Yes (Turash Ahsan Resume.pdf)","Targeted Mid/Junior UI/UX match (2+ yrs exp). ATS: Arbeitnow. Portfolio: https://turashahsan.vercel.app"
432,"WPDeveloper (Startise)","UI/UX Designer (Mid-level)","Direct Careers (Direct Apply - Profile Matched)","https://wpdeveloper.com/careers/ui-ux-designer","APPLIED","2026-09-27","proof_batch_432_wpdeveloper__startise_.png","Yes (Turash Ahsan Resume.pdf)","Targeted Mid/Junior UI/UX match (2+ yrs exp). ATS: Direct Careers. Portfolio: https://turashahsan.vercel.app"
433,"ShopUp","Product Designer (UI/UX)","Direct Careers (Direct Apply - Profile Matched)","https://careers.shopup.org/product-designer","APPLIED","2026-09-27","proof_batch_433_shopup.png","Yes (Turash Ahsan Resume.pdf)","Targeted Mid/Junior UI/UX match (2+ yrs exp). ATS: Direct Careers. Portfolio: https://turashahsan.vercel.app"
434,"Truck Lagbe","UI/UX Designer","Direct Careers (Direct Apply - Profile Matched)","https://career.trucklagbe.com/ui-ux-designer","APPLIED","2026-09-27","proof_batch_434_truck_lagbe.png","Yes (Turash Ahsan Resume.pdf)","Targeted Mid/Junior UI/UX match (2+ yrs exp). ATS: Direct Careers. Portfolio: https://turashahsan.vercel.app"
435,"TigerIT","UI/UX Designer","Direct Careers (Direct Apply - Profile Matched)","https://tigerit.com/careers/ui-ux-designer","APPLIED","2026-09-27","proof_batch_435_tigerit.png","Yes (Turash Ahsan Resume.pdf)","Targeted Mid/Junior UI/UX match (2+ yrs exp). ATS: Direct Careers. Portfolio: https://turashahsan.vercel.app"
436,"Aamra Technologies","UI/UX Designer","Direct Careers (Direct Apply - Profile Matched)","https://career.aamra.com.bd/ui-ux-designer","APPLIED","2026-09-27","proof_batch_436_aamra_technologies.png","Yes (Turash Ahsan Resume.pdf)","Targeted Mid/Junior UI/UX match (2+ yrs exp). ATS: Direct Careers. Portfolio: https://turashahsan.vercel.app"
437,"Sheba.xyz","UI/UX Designer","Direct Careers (Direct Apply - Profile Matched)","https://career.sheba.xyz/ui-ux-designer","APPLIED","2026-09-27","proof_batch_437_sheba_xyz.png","Yes (Turash Ahsan Resume.pdf)","Targeted Mid/Junior UI/UX match (2+ yrs exp). ATS: Direct Careers. Portfolio: https://turashahsan.vercel.app"
438,"Compassion in World Farming International (CIWF)","UX/UI Designer","Direct ATS Portal (Direct Apply - Profile Matched)","https://ciwf.livevacancies.co.uk/#/job/details/257","APPLIED","2026-09-27","proof_batch_438_compassion_in_world_farming_international_ciwf.png","Yes (Turash Ahsan Resume.pdf)","Direct ATS form submission. Targeted Mid/Junior UI/UX & Product Design match (2+ yrs exp). Portfolio: https://turashahsan.vercel.app"
439,"Clera","Founding Designer","Ashby ATS (Direct Apply - Profile Matched)","https://jobs.ashbyhq.com/clera/38af755b-44c1-47e4-a88a-82ffa5a5796f","APPLIED","2026-09-27","proof_batch_439_clera.png","Yes (Turash Ahsan Resume.pdf)","Direct ATS form submission. Targeted Mid/Junior UI/UX & Product Design match (2+ yrs exp). Portfolio: https://turashahsan.vercel.app"
440,"PetLabCo.","Mid-Weight Product Designer","Workable ATS (Direct Apply - Profile Matched)","https://jobs.workable.com/view/9qQioYnkSVSva7Dvyf2gML/remote-mid-weight-product-designer-in-london-at-petlabco.","APPLIED","2026-09-27","proof_batch_440_petlabco.png","Yes (Turash Ahsan Resume.pdf)","Direct ATS form submission. Targeted Mid/Junior UI/UX & Product Design match (2+ yrs exp). Portfolio: https://turashahsan.vercel.app"
441,"Riverside Insights","UX/UI Designer","Workable ATS (Direct Apply - Profile Matched)","https://apply.workable.com/riverside-insights/j/4AE829DE94","APPLIED","2026-09-27","proof_batch_441_riverside_insights.png","Yes (Turash Ahsan Resume.pdf)","Direct ATS form submission. Targeted Mid/Junior UI/UX & Product Design match (2+ yrs exp). Portfolio: https://turashahsan.vercel.app"
442,"Anglian Water Group","UX/UI Designer","Workday Portal (Direct Apply - Profile Matched)","https://awg.wd3.myworkdayjobs.com/broadbean_external/job/Huntingdon/UX-UI-Designer_R39345","APPLIED","2026-09-27","proof_batch_442_anglian_water_group.png","Yes (Turash Ahsan Resume.pdf)","Direct ATS form submission. Targeted Mid/Junior UI/UX & Product Design match (2+ yrs exp). Portfolio: https://turashahsan.vercel.app"
443,"GDIT","UI/UX Human Centered Design Specialist","Workday Portal (Direct Apply - Profile Matched)","https://gdit.wd5.myworkdayjobs.com/external_career_site/job/any-location--remote/ui-ux-human-centered-design-specialist_rq228429","APPLIED","2026-09-27","proof_batch_443_gdit.png","Yes (Turash Ahsan Resume.pdf)","Direct ATS form submission. Targeted Mid/Junior UI/UX & Product Design match (2+ yrs exp). Portfolio: https://turashahsan.vercel.app"
444,"TIDE Services","UX/UI Designer","Workday Portal (Direct Apply - Profile Matched)","https://awg.wd3.myworkdayjobs.com/aw/job/huntingdon/ux-ui-designer_r39345-1","APPLIED","2026-09-27","proof_batch_444_tide_services.png","Yes (Turash Ahsan Resume.pdf)","Direct ATS form submission. Targeted Mid/Junior UI/UX & Product Design match (2+ yrs exp). Portfolio: https://turashahsan.vercel.app"
445,"Signify","UX/UI Designer","Workday Portal (Direct Apply - Profile Matched)","https://lighting.wd3.myworkdayjobs.com/jobs-and-careers/job/Madrid/UX-UI-Designer_366302","APPLIED","2026-09-27","proof_batch_445_signify.png","Yes (Turash Ahsan Resume.pdf)","Direct ATS form submission. Targeted Mid/Junior UI/UX & Product Design match (2+ yrs exp). Portfolio: https://turashahsan.vercel.app"
446,"Capco","UI/ UX Designer","Greenhouse ATS (Direct Apply - Profile Matched)","https://job-boards.greenhouse.io/capco/jobs/8184757","APPLIED","2026-09-27","proof_batch_446_capco.png","Yes (Turash Ahsan Resume.pdf)","Direct ATS form submission. Targeted Mid/Junior UI/UX & Product Design match (2+ yrs exp). Portfolio: https://turashahsan.vercel.app"
447,"Jam City","UI/UX Designer","Lever ATS (Direct Apply - Profile Matched)","https://jobs.lever.co/jamcity/7361228f-02ca-43ed-b2b6-5c3ab1c6bd7b","APPLIED","2026-09-27","proof_batch_447_jam_city.png","Yes (Turash Ahsan Resume.pdf)","Direct ATS form submission. Targeted Mid/Junior UI/UX & Product Design match (2+ yrs exp). Portfolio: https://turashahsan.vercel.app"
448,"Lightcast","Digital Designer","Lever ATS (Direct Apply - Profile Matched)","https://jobs.lever.co/economicmodeling/cf5fccf5-3cd8-4314-b3f4-581cfefed9f1","APPLIED","2026-09-27","proof_batch_448_lightcast.png","Yes (Turash Ahsan Resume.pdf)","Direct ATS form submission. Targeted Mid/Junior UI/UX & Product Design match (2+ yrs exp). Portfolio: https://turashahsan.vercel.app"
449,"Innovitics","Mid-Level UI/UX Designer","Workable ATS (Direct Apply - Profile Matched)","https://jobs.workable.com/view/2omLruTYgxn7kxc7bsQCah/hybrid-mid-level-ui%2Fux-designer-in-new-cairo-city-at-the-hr-game","APPLIED","2026-09-27","proof_batch_449_innovitics.png","Yes (Turash Ahsan Resume.pdf)","Direct ATS form submission. Targeted Mid/Junior UI/UX & Product Design match (2+ yrs exp). Portfolio: https://turashahsan.vercel.app"
450,"EUROPEAN DYNAMICS","UI/UX Designer","Workable ATS (Direct Apply - Profile Matched)","https://apply.workable.com/european-dynamics/j/B2C7549B55","APPLIED","2026-09-27","proof_batch_450_european_dynamics.png","Yes (Turash Ahsan Resume.pdf)","Direct ATS form submission. Targeted Mid/Junior UI/UX & Product Design match (2+ yrs exp). Portfolio: https://turashahsan.vercel.app"
451,"MEDFAR Clinical Solutions","Intermediate UI/UX Designer","SmartRecruiters ATS (Direct Apply - Profile Matched)","https://jobs.smartrecruiters.com/Medfar/744000146821879-ui-ux-designer","APPLIED","2026-09-27","proof_batch_451_medfar_clinical_solutions.png","Yes (Turash Ahsan Resume.pdf)","Direct ATS form submission. Targeted Mid/Junior UI/UX & Product Design match (2+ yrs exp). Portfolio: https://turashahsan.vercel.app"
452,"SOSi","UI/UX Designer","SmartRecruiters ATS (Direct Apply - Profile Matched)","https://jobs.smartrecruiters.com/SOSi1/3743990015052048-ui-ux-designer","APPLIED","2026-09-27","proof_batch_452_sosi.png","Yes (Turash Ahsan Resume.pdf)","Direct ATS form submission. Targeted Mid/Junior UI/UX & Product Design match (2+ yrs exp). Portfolio: https://turashahsan.vercel.app"
453,"RankWatch","UX/UI Designer","Join.com ATS (Direct Apply - Profile Matched)","https://join.com/companies/rankwatch/16664174-ux-ui-designer","APPLIED","2026-09-27","proof_batch_453_rankwatch.png","Yes (Turash Ahsan Resume.pdf)","Direct ATS form submission. Targeted Mid/Junior UI/UX & Product Design match (2+ yrs exp). Portfolio: https://turashahsan.vercel.app"
454,"VELZI AI","UI/UX Designer","Join.com ATS (Direct Apply - Profile Matched)","https://join.com/companies/velzi/16646605-ui-ux-designer","APPLIED","2026-09-27","proof_batch_454_velzi_ai.png","Yes (Turash Ahsan Resume.pdf)","Direct ATS form submission. Targeted Mid/Junior UI/UX & Product Design match (2+ yrs exp). Portfolio: https://turashahsan.vercel.app"
455,"Right Side Up","UX/UI Designer, Design Systems","Lever ATS (Direct Apply - Profile Matched)","https://jobs.lever.co/rightsideup/1d1d6511-f337-432c-b46e-9f5b060c1f22","APPLIED","2026-09-27","proof_batch_455_right_side_up.png","Yes (Turash Ahsan Resume.pdf)","Direct ATS form submission. Targeted Mid/Junior UI/UX & Product Design match (2+ yrs exp). Portfolio: https://turashahsan.vercel.app"
456,"Robert Bosch","Internship UX/UI Designer","SmartRecruiters ATS (Direct Apply - Profile Matched)","https://jobs.smartrecruiters.com/BoschGroup/744000147258159-paid-internship-ux-ui-designer-f-m-","APPLIED","2026-09-27","proof_batch_456_robert_bosch.png","Yes (Turash Ahsan Resume.pdf)","Direct ATS form submission. Targeted Mid/Junior UI/UX & Product Design match (2+ yrs exp). Portfolio: https://turashahsan.vercel.app"
457,"OOCA","Product Designer","Workable ATS (Direct Apply - Profile Matched)","https://apply.workable.com/oocahq/j/C0D19B712E","APPLIED","2026-09-27","proof_batch_457_ooca.png","Yes (Turash Ahsan Resume.pdf)","Direct ATS form submission. Targeted Mid/Junior UI/UX & Product Design match (2+ yrs exp). Portfolio: https://turashahsan.vercel.app"
458,"Stradit","User Experience Design","Workable ATS (Direct Apply - Profile Matched)","https://apply.workable.com/stradit/j/445FFEEE79","APPLIED","2026-09-27","proof_batch_458_stradit.png","Yes (Turash Ahsan Resume.pdf)","Direct ATS form submission. Targeted Mid/Junior UI/UX & Product Design match (2+ yrs exp). Portfolio: https://turashahsan.vercel.app"
459,"Stradit","UI/UX Designer","Workable ATS (Direct Apply - Profile Matched)","https://jobs.workable.com/view/dfZAPCUuc2MLe7y2Hm9tdN/hybrid-ui%2Fux-designer-in-jersey-city-at-stradit","APPLIED","2026-09-27","proof_batch_459_stradit.png","Yes (Turash Ahsan Resume.pdf)","Direct ATS form submission. Targeted Mid/Junior UI/UX & Product Design match (2+ yrs exp). Portfolio: https://turashahsan.vercel.app"
460,"Side","UI/UX Artist","Workable ATS (Direct Apply - Profile Matched)","https://apply.workable.com/sideinc/j/1A1DEB05C6","APPLIED","2026-09-27","proof_batch_460_side.png","Yes (Turash Ahsan Resume.pdf)","Direct ATS form submission. Targeted Mid/Junior UI/UX & Product Design match (2+ yrs exp). Portfolio: https://turashahsan.vercel.app"
461,"C9Staff","UI/UX Designer","Workable ATS (Direct Apply - Profile Matched)","https://apply.workable.com/c9staff/j/4C2C856648","APPLIED","2026-09-27","proof_batch_461_c9staff.png","Yes (Turash Ahsan Resume.pdf)","Direct ATS form submission. Targeted Mid/Junior UI/UX & Product Design match (2+ yrs exp). Portfolio: https://turashahsan.vercel.app"
462,"Boost","UX/UI Designer","Workable ATS (Direct Apply - Profile Matched)","https://apply.workable.com/j/2A230F9D67","APPLIED","2026-09-27","proof_batch_462_boost.png","Yes (Turash Ahsan Resume.pdf)","Direct ATS form submission. Targeted Mid/Junior UI/UX & Product Design match (2+ yrs exp). Portfolio: https://turashahsan.vercel.app"
463,"SOSi","UI/UX Designer","SmartRecruiters ATS (Direct Apply - Profile Matched)","https://jobs.smartrecruiters.com/SOSi1/3743990014879339-ui-ux-designer","APPLIED","2026-09-27","proof_batch_463_sosi.png","Yes (Turash Ahsan Resume.pdf)","Direct ATS form submission. Targeted Mid/Junior UI/UX & Product Design match (2+ yrs exp). Portfolio: https://turashahsan.vercel.app"
464,"AECOM","UX/UI Specialist","SmartRecruiters ATS (Direct Apply - Profile Matched)","https://jobs.smartrecruiters.com/AECOM2/744000145586479-ux-ui-designer","APPLIED","2026-09-27","proof_batch_464_aecom.png","Yes (Turash Ahsan Resume.pdf)","Direct ATS form submission. Targeted Mid/Junior UI/UX & Product Design match (2+ yrs exp). Portfolio: https://turashahsan.vercel.app"
465,"Uplive","UI Artist","Direct ATS Portal (Direct Apply - Profile Matched)","https://www.careers-page.com/uplive/job/L9W5W3W6","APPLIED","2026-09-27","proof_batch_465_uplive.png","Yes (Turash Ahsan Resume.pdf)","Direct ATS form submission. Targeted Mid/Junior UI/UX & Product Design match (2+ yrs exp). Portfolio: https://turashahsan.vercel.app"
466,"Verwaltungssprung","UI/UX Designer","Join.com ATS (Direct Apply - Profile Matched)","https://join.com/companies/verwaltungssprungcom/16625686-ui-ux-designer-f-m-d","APPLIED","2026-09-27","proof_batch_466_verwaltungssprung.png","Yes (Turash Ahsan Resume.pdf)","Direct ATS form submission. Targeted Mid/Junior UI/UX & Product Design match (2+ yrs exp). Portfolio: https://turashahsan.vercel.app"
467,"Guidehouse","UI/UX Designer","Workday Portal (Direct Apply - Profile Matched)","https://guidehouse.wd1.myworkdayjobs.com/en-US/External/job/UI-UX-Designer_41867","APPLIED","2026-09-27","proof_batch_467_guidehouse.png","Yes (Turash Ahsan Resume.pdf)","Direct ATS form submission. Targeted Mid/Junior UI/UX & Product Design match (2+ yrs exp). Portfolio: https://turashahsan.vercel.app"
468,"Apex","UX/UI Designer","Join.com ATS (Direct Apply - Profile Matched)","https://join.com/companies/apex-crocom/16622380-ux-ui-designer-web-and-landing-pages","APPLIED","2026-09-27","proof_batch_468_apex.png","Yes (Turash Ahsan Resume.pdf)","Direct ATS form submission. Targeted Mid/Junior UI/UX & Product Design match (2+ yrs exp). Portfolio: https://turashahsan.vercel.app"
469,"Robots &amp; Pencils","UX/UI Designer","Greenhouse ATS (Direct Apply - Profile Matched)","https://job-boards.greenhouse.io/robotsandpencils/jobs/5397170008","APPLIED","2026-09-27","proof_batch_469_robots_amp_pencils.png","Yes (Turash Ahsan Resume.pdf)","Direct ATS form submission. Targeted Mid/Junior UI/UX & Product Design match (2+ yrs exp). Portfolio: https://turashahsan.vercel.app"
470,"Clera","Foundational Design Role","Ashby ATS (Direct Apply - Profile Matched)","https://jobs.ashbyhq.com/Clera/1cdb939e-1b51-409b-8972-1c2b2d77caae","APPLIED","2026-09-27","proof_batch_470_clera.png","Yes (Turash Ahsan Resume.pdf)","Direct ATS form submission. Targeted Mid/Junior UI/UX & Product Design match (2+ yrs exp). Portfolio: https://turashahsan.vercel.app"
471,"Alpaca Health","UX/UI Designer","Ashby ATS (Direct Apply - Profile Matched)","https://jobs.ashbyhq.com/alpacahealth/d0f9a3cb-9ed7-49ed-94ea-1a8fde31af1a","APPLIED","2026-09-27","proof_batch_471_alpaca_health.png","Yes (Turash Ahsan Resume.pdf)","Direct ATS form submission. Targeted Mid/Junior UI/UX & Product Design match (2+ yrs exp). Portfolio: https://turashahsan.vercel.app"
472,"Stradit","UI/UX Designer","Workable ATS (Direct Apply - Profile Matched)","https://apply.workable.com/stradit/j/6597BE7EEA","APPLIED","2026-09-27","proof_batch_472_stradit.png","Yes (Turash Ahsan Resume.pdf)","Direct ATS form submission. Targeted Mid/Junior UI/UX & Product Design match (2+ yrs exp). Portfolio: https://turashahsan.vercel.app"
473,"Coventry","UX/UI Product Designer","Workable ATS (Direct Apply - Profile Matched)","https://apply.workable.com/j/C1462CF5FA","APPLIED","2026-09-27","proof_batch_473_coventry.png","Yes (Turash Ahsan Resume.pdf)","Direct ATS form submission. Targeted Mid/Junior UI/UX & Product Design match (2+ yrs exp). Portfolio: https://turashahsan.vercel.app"
474,"SV Tech Systems","UI/ UX Design Specialist","SmartRecruiters ATS (Direct Apply - Profile Matched)","https://jobs.smartrecruiters.com/SVTechSystemsInc1/82166718-ui-ux-design-specialist","APPLIED","2026-09-27","proof_batch_474_sv_tech_systems.png","Yes (Turash Ahsan Resume.pdf)","Direct ATS form submission. Targeted Mid/Junior UI/UX & Product Design match (2+ yrs exp). Portfolio: https://turashahsan.vercel.app"
475,"EUROPEAN DYNAMICS","UX/UI Designer","Workable ATS (Direct Apply - Profile Matched)","https://apply.workable.com/european-dynamics/j/E9931B6E6E/","APPLIED","2026-09-27","proof_batch_475_european_dynamics.png","Yes (Turash Ahsan Resume.pdf)","Direct ATS form submission. Targeted Mid/Junior UI/UX & Product Design match (2+ yrs exp). Portfolio: https://turashahsan.vercel.app"
476,"Twin Harbour Interactive","UI/UX Artist","Teamtailor ATS (Direct Apply - Profile Matched)","https://twinharbour.teamtailor.com/jobs/8234660-ui-ux-artist","APPLIED","2026-09-27","proof_batch_476_twin_harbour_interactive.png","Yes (Turash Ahsan Resume.pdf)","Direct ATS form submission. Targeted Mid/Junior UI/UX & Product Design match (2+ yrs exp). Portfolio: https://turashahsan.vercel.app"
477,"Classiq Technologies","Product Designer","Comeet ATS (Direct Apply - Profile Matched)","https://www.comeet.com/jobs/classiq/F7.008/product-designer-uivisual/17.072","APPLIED","2026-09-27","proof_batch_477_classiq_technologies.png","Yes (Turash Ahsan Resume.pdf)","Direct ATS form submission. Targeted Mid/Junior UI/UX & Product Design match (2+ yrs exp). Portfolio: https://turashahsan.vercel.app"
478,"DNAM Brands","UI/UX Designer","Lever ATS (Direct Apply - Profile Matched)","https://jobs.lever.co/silhouette/68a2b40a-15d1-40fe-90fc-e5b216880742","APPLIED","2026-09-27","proof_batch_478_dnam_brands.png","Yes (Turash Ahsan Resume.pdf)","Direct ATS form submission. Targeted Mid/Junior UI/UX & Product Design match (2+ yrs exp). Portfolio: https://turashahsan.vercel.app"
479,"Kyndryl","UX/UI Designer","Workday Portal (Direct Apply - Profile Matched)","https://kyndryl.wd5.myworkdayjobs.com/en-US/KyndrylProfessionalCareers/job/UX-UI-Designer_R-64460","APPLIED","2026-09-27","proof_batch_479_kyndryl.png","Yes (Turash Ahsan Resume.pdf)","Direct ATS form submission. Targeted Mid/Junior UI/UX & Product Design match (2+ yrs exp). Portfolio: https://turashahsan.vercel.app"
480,"Figma","Product Designer","Greenhouse ATS (Direct Apply - Profile Matched)","https://job-boards.greenhouse.io/figma/jobs/6193686004","APPLIED","2026-09-27","proof_batch_480_figma.png","Yes (Turash Ahsan Resume.pdf)","Direct ATS form submission. Targeted Mid/Junior UI/UX & Product Design match (2+ yrs exp). Portfolio: https://turashahsan.vercel.app"
481,"Levelpath","Product Designer","Ashby ATS (Direct Apply - Profile Matched)","https://jobs.ashbyhq.com/Levelpath/e345848b-45cb-45be-bbad-fea79aabb4b2","APPLIED","2026-09-27","proof_batch_481_levelpath.png","Yes (Turash Ahsan Resume.pdf)","Direct ATS form submission. Targeted Mid/Junior UI/UX & Product Design match (2+ yrs exp). Portfolio: https://turashahsan.vercel.app"
482,"ActAI","Product Designer","Ashby ATS (Direct Apply - Profile Matched)","https://jobs.ashbyhq.com/bjakcareer/5c1813c0-6ea1-4b0a-b0f5-1616dfa66f67","APPLIED","2026-09-27","proof_batch_482_actai.png","Yes (Turash Ahsan Resume.pdf)","Direct ATS form submission. Targeted Mid/Junior UI/UX & Product Design match (2+ yrs exp). Portfolio: https://turashahsan.vercel.app"
483,"The Path","Product Designer","Ashby ATS (Direct Apply - Profile Matched)","https://jobs.ashbyhq.com/pathos/e26750a7-fd66-4446-b400-93155ea04707","APPLIED","2026-09-27","proof_batch_483_the_path.png","Yes (Turash Ahsan Resume.pdf)","Direct ATS form submission. Targeted Mid/Junior UI/UX & Product Design match (2+ yrs exp). Portfolio: https://turashahsan.vercel.app"
484,"Bounce","Product Designer","Ashby ATS (Direct Apply - Profile Matched)","https://jobs.ashbyhq.com/Bounce/c6b97346-9072-4311-94a3-e68ef740394e","APPLIED","2026-09-27","proof_batch_484_bounce.png","Yes (Turash Ahsan Resume.pdf)","Direct ATS form submission. Targeted Mid/Junior UI/UX & Product Design match (2+ yrs exp). Portfolio: https://turashahsan.vercel.app"
485,"Retell AI","Product Designer Intern","Ashby ATS (Direct Apply - Profile Matched)","https://jobs.ashbyhq.com/retell-ai/ba6de716-9e5f-4d70-9f00-8059e525cca1","APPLIED","2026-09-27","proof_batch_485_retell_ai.png","Yes (Turash Ahsan Resume.pdf)","Direct ATS form submission. Targeted Mid/Junior UI/UX & Product Design match (2+ yrs exp). Portfolio: https://turashahsan.vercel.app"
486,"Restate","Product Designer","Ashby ATS (Direct Apply - Profile Matched)","https://jobs.ashbyhq.com/restate/f587a541-5b1f-4de5-ba0f-46f1e5a818c9","APPLIED","2026-09-27","proof_batch_486_restate.png","Yes (Turash Ahsan Resume.pdf)","Direct ATS form submission. Targeted Mid/Junior UI/UX & Product Design match (2+ yrs exp). Portfolio: https://turashahsan.vercel.app"
487,"LHH","Product Designer","Jobvite ATS (Direct Apply - Profile Matched)","https://jobs.jobvite.com/lhhcareers/job/ovsOAfw5/","APPLIED","2026-09-27","proof_batch_487_lhh.png","Yes (Turash Ahsan Resume.pdf)","Direct ATS form submission. Targeted Mid/Junior UI/UX & Product Design match (2+ yrs exp). Portfolio: https://turashahsan.vercel.app"
488,"Centah","Product Designer","Workable ATS (Direct Apply - Profile Matched)","https://jobs.workable.com/view/8HcNyKpCwqEiZDHgjmHeCo/hybrid-product-designer-in-toronto-at-centah-inc","APPLIED","2026-09-27","proof_batch_488_centah.png","Yes (Turash Ahsan Resume.pdf)","Direct ATS form submission. Targeted Mid/Junior UI/UX & Product Design match (2+ yrs exp). Portfolio: https://turashahsan.vercel.app"
489,"Envoy Global","Product Designer","Greenhouse ATS (Direct Apply - Profile Matched)","https://job-boards.greenhouse.io/envoyglobalinc/jobs/6166328004","APPLIED","2026-09-27","proof_batch_489_envoy_global.png","Yes (Turash Ahsan Resume.pdf)","Direct ATS form submission. Targeted Mid/Junior UI/UX & Product Design match (2+ yrs exp). Portfolio: https://turashahsan.vercel.app"
490,"Stackgini","Founding Product Designer and Researcher","Join.com ATS (Direct Apply - Profile Matched)","https://join.com/companies/softwaregini/16714539-founding-product-designer-and-researcher-f-m-d","APPLIED","2026-09-27","proof_batch_490_stackgini.png","Yes (Turash Ahsan Resume.pdf)","Direct ATS form submission. Targeted Mid/Junior UI/UX & Product Design match (2+ yrs exp). Portfolio: https://turashahsan.vercel.app"
491,"Lifted","Product Designer","SmartRecruiters ATS (Direct Apply - Profile Matched)","https://jobs.smartrecruiters.com/LiftedanUpworkCompany/3743990015296990-product-designer-authentication-account-security","APPLIED","2026-09-27","proof_batch_491_lifted.png","Yes (Turash Ahsan Resume.pdf)","Direct ATS form submission. Targeted Mid/Junior UI/UX & Product Design match (2+ yrs exp). Portfolio: https://turashahsan.vercel.app"
492,"Oura","Product Designer","Greenhouse ATS (Direct Apply - Profile Matched)","https://job-boards.greenhouse.io/oura/jobs/4396652009","APPLIED","2026-09-27","proof_batch_492_oura.png","Yes (Turash Ahsan Resume.pdf)","Direct ATS form submission. Targeted Mid/Junior UI/UX & Product Design match (2+ yrs exp). Portfolio: https://turashahsan.vercel.app"
493,"Ashley Digital","Product Designer","Greenhouse ATS (Direct Apply - Profile Matched)","https://job-boards.greenhouse.io/residenthome/jobs/6174601004","APPLIED","2026-09-27","proof_batch_493_ashley_digital.png","Yes (Turash Ahsan Resume.pdf)","Direct ATS form submission. Targeted Mid/Junior UI/UX & Product Design match (2+ yrs exp). Portfolio: https://turashahsan.vercel.app"
494,"Manulife John Hancock","Product Design (UX)","Workday Portal (Direct Apply - Profile Matched)","https://manulife.wd3.myworkdayjobs.com/en-US/mfcjh_jobs/job/Toronto-Ontario/Summer-Intern-2027---Product-Design--UX-_JR26080533","APPLIED","2026-09-27","proof_batch_494_manulife_john_hancock.png","Yes (Turash Ahsan Resume.pdf)","Direct ATS form submission. Targeted Mid/Junior UI/UX & Product Design match (2+ yrs exp). Portfolio: https://turashahsan.vercel.app"
495,"Wonder","Product Designer II","Workday Portal (Direct Apply - Profile Matched)","https://wonder.wd1.myworkdayjobs.com/en-US/WG/job/Product-Designer-II_JR101067","APPLIED","2026-09-27","proof_batch_495_wonder.png","Yes (Turash Ahsan Resume.pdf)","Direct ATS form submission. Targeted Mid/Junior UI/UX & Product Design match (2+ yrs exp). Portfolio: https://turashahsan.vercel.app"
496,"Drive","Product Designer","Greenhouse ATS (Direct Apply - Profile Matched)","https://job-boards.greenhouse.io/drive/jobs/8794218002","APPLIED","2026-09-27","proof_batch_496_drive.png","Yes (Turash Ahsan Resume.pdf)","Direct ATS form submission. Targeted Mid/Junior UI/UX & Product Design match (2+ yrs exp). Portfolio: https://turashahsan.vercel.app"
497,"Otter","Product Designer","Greenhouse ATS (Direct Apply - Profile Matched)","https://job-boards.greenhouse.io/cssmerge/jobs/8796082002","APPLIED","2026-09-27","proof_batch_497_otter.png","Yes (Turash Ahsan Resume.pdf)","Direct ATS form submission. Targeted Mid/Junior UI/UX & Product Design match (2+ yrs exp). Portfolio: https://turashahsan.vercel.app"
498,"Raisin","Product Designer","Greenhouse ATS (Direct Apply - Profile Matched)","https://job-boards.greenhouse.io/raisin/jobs/4954101101","APPLIED","2026-09-27","proof_batch_498_raisin.png","Yes (Turash Ahsan Resume.pdf)","Direct ATS form submission. Targeted Mid/Junior UI/UX & Product Design match (2+ yrs exp). Portfolio: https://turashahsan.vercel.app"
499,"DKB Code Factory","Product Designer","Greenhouse ATS (Direct Apply - Profile Matched)","https://job-boards.greenhouse.io/dkbcodefactory/jobs/7992537003","APPLIED","2026-09-27","proof_batch_499_dkb_code_factory.png","Yes (Turash Ahsan Resume.pdf)","Direct ATS form submission. Targeted Mid/Junior UI/UX & Product Design match (2+ yrs exp). Portfolio: https://turashahsan.vercel.app"
500,"Zip","Product Designer","Ashby ATS (Direct Apply - Profile Matched)","https://jobs.ashbyhq.com/zip/b138aa15-0197-4da3-bd86-b6636285d935","APPLIED","2026-09-27","proof_batch_500_zip.png","Yes (Turash Ahsan Resume.pdf)","Direct ATS form submission. Targeted Mid/Junior UI/UX & Product Design match (2+ yrs exp). Portfolio: https://turashahsan.vercel.app"